allele,protein,sequence,Experimental binding capacity,Standard deviation ,NetMHC 4.0,NetMHC 3.4,NetMHCpan 4.0,NetMHCpan 3.0,NetMHcpan 2.8,NetMHCcons 1.1,Pickpocket 1.1,IEDB recommended,IEDB consensus,IEDB SMMPMBEC,IEDB SMM,MHC flurry 1.2,SYFPEITH
HLAA1,E6,ISEYRHYCY,0.9,0.92,32.89,55,56.3,107.9,81.2,66.92,1145.59,0.25,0.25,292.7,299.61,39.77,27
HLAA1,E7,HGDTPTLHEY,1.03,0.59,1142.27,250,678.9,413.9,267.28,257.38,2145.7,0.45,0.35,384.18,314.63,312.56,28
HLAA1,E7,DLQPETTDLY,1.62,0.91,3675.65,1275,1323.5,2245.9,2342.88,1728.19,4288.48,0.95,0.7,1041.21,941.46,193.51,19
HLAA1,E6,AVCDKCLKFY,2.52,1.22,3210.16,3631,1547.3,1140.4,5683.04,4551.43,2122.61,1.3,1.05,1304.79,1753.07,6849.6,18
HLAA1,E6,LKFYSKISEY,7.72,,17014.02,9154,15773.3,14948.7,30938.67,16854.8,27875.69,3,2.75,1650.21,1269.99,12422.76,16
HLAA1,E7,ETTDLYCY,11.52,7.17,1749.09,322,4420.6,3574.8,210.83,261.59,2416.9,23.05,23.05,21857.98,40545.25,254.41,
HLAA1,E6,GTTLEQQY,12.52,6.85,11701.75,2008,14780.6,15250.7,1216.07,1567.83,3932.89,11.25,11.2,3763.66,16631.83,1059.43,
HLAA1,E6,CTELQTTIH,15.44,15.44,6705.74,3087,2136.9,1036.7,2039.91,2510.18,1765.99,1.95,1.65,2485.54,3330.81,1528.18,15
HLAA1,E6,KISEYRHYCY,15.66,10.16,330.74,2027,1230.1,1377,2365.85,2192.64,1967.79,0.55,0.45,764.79,866.56,1453.35,15
HLAA1,E7,DTPTLHEY,24.92,13.05,6601.07,2006,8641,7096.4,2190.44,2099.77,5210.57,23.6,23.55,26461.23,41299.04,1203.66,
HLAA1,E6,SEYRHYCYSLY,32.04,12.55,18653.18,18138,8914.4,21041.7,15290.59,16583.46,7054.34,4.5,4.5,525.05,2838.05,10236.1,18
HLAA1,E6,YAVCDKCLKFY,38.05,46.88,6322.57,11458,1060.2,1402.5,5157.17,7692.16,7775.84,8.35,8.65,11754.39,9268.73,8405.33,18
HLAA1,E6,SKISEYRHYCY,45.72,27.05,709.22,19881,1124.5,2744.4,28587.74,23828.16,25564.3,2.95,2.9,15638.68,3515.77,15008.43,16
HLAA1,E7,TTDLYCYEQLN,62.11,20.45,16816.55,5300,11705.2,13611.9,4001.96,4625.9,2216.49,23.65,23.55,6701.93,38995.99,5594.6,18
HLAA1,E7,TTDLYCYEQ,75.04,5.99,4335.79,5319,3126.4,1899.4,2317.08,3510.53,1453.47,2.4,2.15,3600.97,4503.5,1048.77,17
HLAA1,E6,SEYRHYCY,nb,,1013.89,19115,7832.7,12174.8,18241.08,18679.43,10191.11,6.55,6.55,11313.84,9439.3,15812.75,
HLAA1,E6,FAFRDLCIVY,nb,,4525.6,5066,3342.3,1997.6,1736.47,2952.5,4196.68,1.8,1.55,2688.69,3032.49,1481.34,16
HLAA1,E6,VCDKCLKFY,nb,,6457.31,5882,5056.9,4559.1,2286.75,3665.8,2443.19,0.95,0.65,1206.2,1001.27,2477.11,26
HLAA1,E6,SLYGTTLEQQY,nb,,7370.49,8510,4838.4,7260,4100.65,5900.97,2192.64,0.85,1.15,4625.94,645.68,8078.55,17
HLAA1,E6,FYSKISEYRHY,nb,,7545.92,14923,11023.9,11374.2,15749.94,15290.89,14564.23,4.65,4.9,20758.69,5093.54,9713.56,17
HLAA1,E6,IVYRDGNPY,nb,,7733.8,11980,6339.8,5739.7,3695.15,6646.79,1437.83,2.6,2.3,5063.14,4792.37,6606.7,15
HLAA1,E7,LQPETTDLY,nb,,7997.52,10499,5254.7,7312.4,7204.84,8711.37,2169.05,1.85,1.55,2644.97,3166.28,5388.55,17
HLAA1,E7,QPETTDLYCY,nb,,8074.03,5773,9369.8,7907.1,6440.89,6095.65,10641.85,0.7,0.4,498.36,545.51,10190.35,25
HLAA1,E6,YRHYCYSLY,nb,,8110.54,17209,12767.2,14963.9,9458.8,12721.85,6330.92,1.25,0.95,2555.17,1838.87,8486.58,17
HLAA1,E6,DFAFRDLCIVY,nb,,11505.64,15873,12061.2,8603,10668.64,13000.15,9146.01,2.4,2.4,991.29,2041.83,14222.29,16
HLAA1,E6,CLKFYSKISEY,nb,,12283.46,11678,7772.6,9821.7,8282.9,9865.62,6682.85,0.85,0.75,1645.13,148.6,5032.3,17
HLAA1,E6,IHDIILECVY,nb,,13151.95,15699,8007,5278.9,1751.86,5238.84,5267.25,2.15,1.75,1590.52,1931.08,6432.23,26
HLAA1,E6,FRDLCIVY,nb,,13548.72,2913,21049.2,21873.7,2144.65,2496.64,6399.79,16.9,16.85,33543.63,27538.48,967.42,
HLAA1,E6,LCIVYRDGNPY,nb,,15340.44,15200,13074.5,14874.3,21200.01,17985.29,9654.43,1.55,1.4,3624.1,464.54,7410.28,16
HLAA1,E7,GQAEPDRAHY,nb,,15533.68,12466,9863.6,15671.3,23789.69,17223.5,14099.07,3.4,3.35,4116.61,3348.11,13403.82,16
HLAA1,E7,LQPETTDLYCY,nb,,16310.31,14564,12041,15648.2,9073.43,11479.16,7208.66,3.95,3.95,13589.39,2924.29,12110.18,17
HLAA1,E6,CTELQTTIHDI,nb,,16586.32,3663,11742.6,11642.6,4425.78,4018.93,9245.51,24.1,24.05,54852.95,40459.45,2204.03,15
HLAA1,E6,HDIILECVY,nb,,17445.19,17026,14333.5,16436.8,24096.24,20258.44,6330.92,5.7,5.55,3849.64,3841.93,16522.7,17
HLAA1,E6,TIHDIILECVY,nb,,17801.94,9128,8154.8,8316,3344.95,5530.06,3236.91,2.4,2.3,1982.44,671.46,6112.21,16
HLAA1,E6,KFYSKISEY,nb,,18273.03,19888,20153.7,16828.9,21791.7,4526.88,4526.88,7.8,7.65,8738.16,6959.05,15877.39,16
HLAA1,E6,LYGTTLEQQY,nb,,18887.96,7355,18183.5,18512,22188.12,12790.86,11112.54,4.1,3.9,1237.49,1998.94,14079.72,15
HLAA1,E6,AFRDLCIVY,nb,,19580.26,18827,25813.9,24198.4,21830.41,20258.44,3529.57,11.6,10.1,6674.52,6959.05,14490.81,18
HLAA1,E7,AGQAEPDRAHY,nb,,21456.9,17310,11592.4,24816.2,24889.92,"20813.90","19088.05",5.75,5.7,8774.05,2818.51,15553.85,16
HLAA1,E6,QQLLRREVY,nb,,21851.44,19260,24239.3,26617.1,26225.77,22451.54,7775.84,20,18.5,20064.11,20584.96,19336.26,17
HLAA1,E6,YSLYGTTL,nb,,22765.13,18459,21966.9,21544.8,13158.24,15625.39,15710.15,2.95,2.95,866.18,3250.42,19705.84,
HLAA1,E6,QLLRREVYDFA,nb,,26756.58,21133,34346.9,35934,32145.29,25982.58,31398.89,9.35,8.85,1122.54,514.07,21020.8,2
HLAA1,E6,SKISEYRHY,nb,,27566.76,20630,35294,36816.4,40418.37,28795.36,23444.56,46,44.5,92559.29,83859.06,17555.12,16
HLAA1,E6,CIVYRDGNPYA,nb,,27745.71,20711,26036.9,23973.8,27990.29,24087.38,46352.93,11.5,11,1875.86,1158.83,22102.04,0
HLAA1,E6,NIRGRWTGRCM,nb,,34057.89,21649,38169.1,38473,33145.82,26839.8,43439.36,32.5,32,2601.36,9528.4,23133.63,0
HLAA2,E7,LMGTLGIVCPI,0.38,0.38,248.47,558,214.5,261.8,78.9,210.69,120.68,8.3,8.05,205.67,1451.81,167.22,
HLAA2,E7,LLMGTLGIVC,1.03,0.4,325.02,916,462.2,355.2,1028.43,968.71,645.63,2.75,2.45,351.41,474.77,2426.3,15
HLAA2,E7,TLGIVCPI,1.27,1.54,979.65,183,2177.2,2197.8,392.59,268.76,211.83,1,0.8,174.11,166.81,577.88,
HLAA2,E7,YMLDLQPET,1.4,0.94,21.23,5,22.3,30.4,6.96,6.12,41.35,0.4,0.4,20.67,20.56,45.6,21
HLAA2,E7,GTLGIVCPI,1.96,1.93,202.54,155,74.8,107.2,120.66,137.41,176.24,4.4,4.4,386.75,426.69,308.95,21
HLAA2,E7,MGTLGIVCPI,1.98,1.89,393.31,7314,296.3,322,10428.08,8711.37,3033.45,6.6,6.2,1293.66,1642.4,7561.02,11
HLAA2,E7,YMLDLQPETT,2.19,2.71,176.26,44,186.5,236.8,25.04,33.48,184.04,1.45,1.2,170.15,165.38,279.53,19
HLAA2,E7,YMLDLQPETTD,2.37,1.67,4351.54,9395,9155.6,11400.9,2401.69,4727.1,503.39,5.9,5.95,940.11,889.02,6287.7,
HLAA2,E6V,TTIHEIILECV,2.47,1.71,3024.93,1499,4527,8613.5,994.14,1222.43,585.72,4.95,5.05,863.34,704.55,2554.85,
HLAA2,E7,TLHEYMLDL,2.68,1.86,49.21,48,61.4,64.9,95.01,68.01,93.08,2.1,2.1,133.48,136.18,284.9,24
HLAA2,E7,RTLEDLLMGTL,2.69,2.94,3257.01,577,2582.2,3836.9,768.03,666.93,801.61,2.65,2.75,241.09,324.27,2830.22,
HLAA2,E6V,FQDPQERPI,2.72,1.59,1166.07,1943,2257.7,2044.2,2712.93,2302.04,414.31,1.5,2.1,815.51,741.5,735.51,11
HLAA2,E7,LLMGTLGIV,3.3,2.58,24.84,19,17.4,16,19.96,19.6,12.17,0.5,0.5,25.43,26.13,65.13,29
HLAA2,E7,MLDLQPETT,3.6,0.73,1811.82,2403,2362,2157.2,2440.1,2416.9,560.92,7.9,7.9,1298.46,1161.74,3880.21,16
HLAA2,E6V,KLPDLCTELQT,3.68,2.63,6742.69,1079,6485.2,11935,1006.82,1039.29,674.19,9.45,9.25,778.36,1489.05,1493.95,
HLAA2,E6,TIHDIILECV,3.69,2.17,275.82,303,315.9,320.2,144.83,209.55,268.76,2.65,2.35,445.47,450.28,970.87,23
HLAA2,E6,FAFRDLCIV,4.34,2.11,155.22,115,155.5,115,150.47,131.59,104.85,2.3,2.3,151.86,149.32,283.64,20
HLAA2,E6V,TIHEIILECV,5.88,1.81,259.31,331,408.9,451.8,152.91,224.82,249.16,2.85,2.55,495.24,512.25,1428.02,24
HLAA2,E6V,TIHEIRLECV,7.26,2.5,1218.81,12901,1587.4,1685.5,18908.47,15625.39,3685.69,10.35,4.65,3897.8,3745.24,2623.97,24
HLAA2,E6V,KLPDLCTEL,7.45,1.77,22.54,12,49.3,47.2,17.66,14.71,51.89,0.6,0.6,35.27,34.21,245.57,25
HLAA2,E7,YMLDLQPE,8.07,3.69,5042.35,2323,8102.5,7303.5,767.52,1332.95,233.5,7.85,8,821.92,2478.62,782.06,
HLAA2,E6,KLPQLCTEL,10.07,3.22,107.6,87,280.6,227,130.26,106.56,69.5,1.8,1.8,126.6,114.05,738.63,24
HLAA2,E7,EDLLMGTLGIV,14.2,2.47,971.14,18371,1510.9,1599.5,34740.21,25152.75,22695.78,7.35,7.05,2019.2,1161.21,14678.12,
HLAA2,E6V,ELQTTIHEI,15.51,9.74,20154.16,29997,2929.5,26075.5,33645.11,31740.46,43439.36,64,6.6,401263.82,369921.86,2295.58,22
HLAA2,E7,TLHEYMLDLQP,19.35,12.57,11450.5,9301,14462.2,20258,12313.79,10699.58,1925.66,2.95,1.6,283.26,90.14,13890.99,
HLAA2,E6V,FQDPQERPIKL,20.75,15.64,8579.48,3176,6086.6,11214,739.57,1534.27,652.65,29.05,28.75,3500.9,12215.46,2232.26,
HLAA2,E6V,YRYYCYSL,21.01,8.92,14919.58,6045,20212.7,23243.3,2298.35,3725.78,1925.66,23.1,22.65,19761.96,15639.04,2964.26,
HLAA2,E6V,TTIHEIRLECV,29.14,16.9,10173.59,3865,12699,17971.1,3478.62,3665.8,953.12,21.3,20.75,11354.81,6136.35,5309.99,
HLAA2,E7,IRTLEDLLMGT,31.85,22.45,8339.86,24652,5149,9448.4,39273.95,31229.48,50000,16.05,15.75,2945.64,3531.1,15749.86,
HLAA2,E7,LLMGTLGIVCP,31.96,20.21,3239.61,5188,2993.6,3969.1,2068.92,3289.87,280.65,4.75,4.85,877.36,671.29,4453.28,
HLAA2,E6V,YRYYCYSV,32.29,15.14,9128.42,2368,19446,22112.3,2301.63,2327.08,735.14,13.5,13.5,17491.62,7082.88,906.8,
HLAA2,E6,KLPQLCTELQT,34.5,19.55,10551.05,3392,8531.1,16616.3,4714.38,3997.24,855.38,16.05,15.25,1714.67,3310.63,4005.92,
HLAA2,E6V,RYYCYSLYGT,35.2,17.55,15989.15,4749,13985.6,11859.8,12796.08,7775.84,3848.7,19.25,10.25,972.34,1152.07,7614.45,11
HLAA2,E6,TTIHDIILECV,35.72,4.66,3483.89,1444,3945.1,7569.3,908.89,1145.59,548.91,5.4,5.45,883.45,781.47,1682.81,
HLAA2,E6,ELQTTIHDI,36.9,8.41,6830.37,7890,9733.4,9680.4,9380.83,8571.13,205.07,14,14,3072.06,3076.88,4895.83,20
HLAA2,E7,RLCVQSTHV,37.18,10.65,558.11,781,718.8,571.4,765.24,776.01,35.92,2.8,2.8,213.02,208.02,730.32,20
HLAA2,E7,DLLMGTLGIVC,41.25,39.26,2747.2,9628,10687.9,5638.5,23174.62,14963.56,4106.84,7.65,7.75,2148.72,1066.38,8054.67,
HLAA2,E6,ILECVYCKQQL,45.15,8.59,8507.65,4362,4136.1,5305.8,813.41,1884.44,514.41,25.55,25.25,3429.1,9139.24,4865.67,
HLAA2,E6,KISEYRHYC,47.56,29.56,6936.04,6671,3523.9,2063,4163.8,5267.25,1534.27,8.7,8.7,1612.24,1390.3,3712.17,13
HLAA2,E7,DLLMGTLGIV,52.58,19.28,119.81,755,250.6,170.7,3219.87,1559.37,172.47,0.9,0.85,132.38,102.92,2103.77,25
HLAA2,E6V,SEYRYYCYSV,52.62,28.64,6255.27,1041,7485.7,6925.8,3334.21,1864.16,704.01,2.75,1.4,205.5,174.78,1083.59,16
HLAA2,E7,MLDLQPET,53.66,12.03,4072.64,1760,11631.9,9487.8,443.88,883.6,560.92,9.85,10,926.47,3992.18,4314.77,
HLAA2,E6V,KISEYRYYCYS,59.11,35.98,25066.62,9962,18205.2,21152.4,2894.68,5382.48,2289.62,21.55,16.05,645.92,486.31,7743.22,
HLAA2,E7,TLGIVCPIC,62.31,18.61,4822.15,11770,5802.8,4733.3,8537.62,10027.04,1844.1,18,18,6433.24,5129.91,3340.87,11
HLAA2,E6V,SEYRYYCYSL,67.43,24.1,11628.92,3457,14030.9,12376.5,4922.08,4129.12,1844.1,5.7,4.15,655.87,574.75,3409.68,16
HLAA2,E7,RTLEDLLMGT,72.72,17.36,2565.29,1045,2253.5,2032.5,3453.83,1904.94,1422.36,3.75,2.8,530.66,535.16,1887.06,17
HLAA2,E7,LLMGTLGI,nb,,212.27,123,328.6,184,14.27,42.02,47.59,3.2,3,706.04,739.96,40.11,
HLAA2,E7,TLEDLLMGTL,nb,,355.85,462,277.4,203.9,481.32,471.75,427.98,3.75,3.35,623.48,752.45,3977.93,22
HLAA2,E6V,IKLPDLCTEL,nb,,282.29,9456,354.1,224.9,17803,13000.15,2390.89,9.5,9.2,2327.13,3503.32,12548.88,18
HLAA2,E6V,KISEYRYYC,nb,,2349.63,2754,1585.7,675,1328.79,1915.27,1062.03,5.8,5.8,733.55,668.51,1616.72,13
HLAA2,E6,IVYRDGNPYA,nb,,1070.56,1159,587,858.2,758.4,937.77,503.39,3.25,2.85,543.03,568.17,2604.54,12
HLAA2,E7,EYMLDLQPET,nb,,293.03,22329,1593.6,1170.6,37220.17,28795.36,50000,19.5,19.2,15878.88,16767.95,19111.48,5
HLAA2,E7,DLLMGTLGI,nb,,2529.15,3947,1727.9,1327.9,3075.65,3472.75,151.47,3.8,3.8,566.8,550.95,1247.36,25
HLAA2,E6,QLCTELQTTI,nb,,1393.87,1316,1090.8,1592.5,1060.42,1183.39,418.82,2.55,1.85,354.67,292.74,2846.13,20
HLAA2,E7,PTLHEYMLDL,nb,,717.5,10537,3461,1674.6,24964.85,16228.45,5154.5,11.1,10.7,6149.22,4597.06,10993.55,14
HLAA2,E7,LMGTLGIV,nb,,1105.59,911,3868.3,1875.4,268.76,495.29,114.33,2.25,2,573.89,467.96,1731.28,
HLAA2,E7,LRLCVQSTHV,nb,,1815.24,12227,2131.1,1971.4,21181.25,16140.9,3416.85,13.25,12.35,4548,5990.73,6258.17,14
HLAA2,E6V,TKLPQLCTEL,nb,,1719.29,1170,4224.8,2086.4,1041.17,1103.02,696.43,5.55,16.2,1357.75,1160.06,15669.47,16
HLAA2,E6,LLRREVYDFA,nb,,2797.35,3637,1706.9,2359.5,1474.15,2314.53,784.45,5.85,4.9,1548.17,1260.32,2160.42,16
HLAA2,E6,IVYRDGNPYAV,nb,,3287.59,1197,518.2,2531.3,131.59,396.76,141.95,30.65,30.75,14627.83,15449.34,291.02,
HLAA2,E6,TIHDIILEC,nb,,3935.4,6557,2852.9,2983.8,6472.28,6504.5,2469.77,15,15,3486.82,3192.35,5755.59,16
HLAA2,E6,CVYCKQQLL,nb,,3574.46,4148,2647.2,3026.5,2846.63,3435.38,442.1,12,12,1978.93,2032.87,5418.43,16
HLAA2,E6V,TIHEIILEC,nb,,3629.49,6115,3470.3,3635.3,6195.39,6161.97,2240.61,15,15,3912.28,3540.87,7046.81,17
HLAA2,E7,TLHEYMLDLQ,nb,,1878.74,8104,5803.8,3735.2,13194.07,10357.86,2873.7,12.25,11.35,4495.93,5052.19,8317.92,16
HLAA2,E6,PLCDLLIRCI,nb,,2553.9,6081,6552.8,4404.1,5001.71,5500.22,531.38,8.8,7.85,2797.82,2585.12,6227.56,20
HLAA2,E7,MLDLQPETTDL,nb,,3950.38,2378,2556.8,4519,277.87,814.73,216.47,17.2,17.25,3973.56,4110.65,2691.26,
HLAA2,E6,YSLYGTTLEQ,nb,,2507.49,15537,6125.2,4849.4,26117.45,20149.14,15044.73,10.8,9.85,4090.91,3609.77,4946.26,6
HLAA2,E6,QLLRREVYDFA,nb,,3518.78,2023,2327.3,5854.7,891.27,1347.45,254.61,12.7,12.75,1227.95,2522.96,799.27,
HLAA2,E7,EYMLDLQPETT,nb,,1548.09,21352,5367,6152,39251.94,28951.56,50000,18.4,18.75,6239.93,4752.37,19607.42,
HLAA2,E6,QLCTELQTT,nb,,6635.87,13552,7780.6,6312.9,10641.51,11986.87,631.81,18,18,5277.52,5371.68,6238.35,20
HLAA2,E6,FAFRDLCIVY,nb,,3191.53,6631,8256.3,6485.2,18170.32,10933.64,27278.95,7.85,6.85,1922.29,1855.58,6896.57,6
HLAA2,E6,SLYGTTLEQ,nb,,4296.06,2395,7750.2,6625.5,5633.27,3665.8,482.07,2.4,2.1,2744.29,3266.71,4063.11,20
HLAA2,E7,TLRLCVQST,nb,,7303.02,13963,5810.9,6675.9,9194.83,11294.36,2289.62,2.7,2.5,6720.94,6578.24,8242.8,20
HLAA2,E7,LMGTLGIVC,nb,,7548.2,13788,7936.9,6752.4,7537.52,10191.11,1290.38,17,17,5425.38,4624.98,5956.84,11
HLAA2,E6,YRDGNPYAV,nb,,4312.26,3941,4990.8,7286.9,5937.92,4830.5,659.75,5.9,5.9,906.63,895.59,697.35,16
HLAA2,E6V,RLECVYCKQQL,nb,,11254.96,4311,6179.7,7444.6,1266.19,2339.71,598.54,26.5,25.25,3274.76,9139.24,6057.1,
HLAA2,E6,QQYNKPLCDL,nb,,9780.28,6150,8597.5,8778.5,4790.62,5411.67,1109,8.35,6.85,2181.83,1776.15,7261.55,15
HLAA2,E6,TLEQQYNKPL,nb,,7526.68,6380,9944.9,8846.4,5238.11,5774.65,1145.59,10.75,9.35,2487.83,3439.38,8247.19,18
HLAA2,E6,YDFAFRDLCI,nb,,7051.13,6139,8596.9,9356.6,14096.02,9295.66,7446.48,22.25,20.85,3662.86,20724.31,5783.47,12
HLAA2,E6,YCYSLYGTTL,nb,,3602.42,1628,8328,9414.5,5071.51,"2873.70",2693.07,6.25,5.25,1101.08,1440.39,4779.8,15
HLAA2,E7,TLRLCVQSTHV,nb,,6275.13,3185,5423.7,9657.4,1511.25,2204.54,442.1,18.9,18.75,6857.72,4964.89,4642.82,
HLAA2,E6,YDFAFRDLCIV,nb,,6605.64,8297,5663.8,9827.2,6861.14,7527.49,1637.18,5.25,5.1,830.19,712.71,8537.61,
HLAA2,E7,STLRLCVQST,nb,,8271.48,8321,9472.3,10845.9,15415.87,11294.36,5382.48,11.85,10.35,4975.31,4106.58,8078.36,18
HLAA2,E6,CMSCCRSSRT,nb,,16991.94,14740,13951.6,12198.2,7740.71,10699.58,2145.7,31.5,22.5,11424.05,10034.14,10535.6,12
HLAA2,E6,KQQLLRREV,nb,,10473.71,9569,12030.3,12405.4,9835.03,9706.8,1567.83,15,15,4049.77,3236.76,11151.68,14
HLAA2,E6,SEYRHYCYSL,nb,,14259.85,6383,15061.2,13026.1,6616.78,6504.5,2264.98,10.25,7.85,1139.78,945.1,5811.17,16
HLAA2,E7,LMGTLGIVCP,nb,,12140.11,13613,13463.2,13135.9,15166.21,14407.49,1249.17,18.1,16.6,6619.42,8759.51,10010.12,16
HLAA2,E6V,RYYCYSVYGT,nb,,18721.52,6392,15049.1,13147,13232.76,9195.62,3932.89,24.5,16,1548.17,2130.49,9613.5,11
HLAA2,E6V,DLCTELQTTI,nb,,8439.62,7163,11451.5,13562.4,14091.86,10027.04,973.97,4.45,2.95,638,586.79,10315.06,19
HLAA2,E6,IILECVYC,nb,,5793.17,1668,16281.2,13575.9,1958.07,1814.41,735.14,5.2,5.3,4941.17,1250.86,2605.48,
HLAA2,E7,HVDIRTLEDL,nb,,12562.22,11704,14167.7,13626.9,8121.94,9759.45,2122.61,18.45,17.35,10041.99,9278.55,12415.13,18
HLAA2,E6,QQYNKPLCDLL,nb,,14733.66,7209,7395.5,13660.3,2442.2,4196.68,1235.73,16.1,15.1,2472.75,2517.16,7881.59,
HLAA2,E6,SLYGTTLEQQ,nb,,8398.45,4206,14694.2,13853.8,8949.22,6128.72,1017.05,8.35,6.85,1639.91,1743.73,4484.35,19
HLAA2,E6,QLLRREVYDF,nb,,11086.96,10566,12025.3,13898.1,8392.86,9396.78,1376.93,6.8,5.25,1299.63,1048.29,11557.49,17
HLAA2,E6,PQLCTELQTTI,nb,,8717.3,4517,13293,14066.9,11282.63,7131.08,3380.08,2.8,2.45,236.69,270.96,13500.49,
HLAA2,E7,RLCVQSTHVDI,nb,,14790.52,1688,10274,14378.4,3207.27,2327.08,316.12,20.15,19.15,828.29,3971.09,5066.66,
HLAA2,E6,LLIRCINC,nb,,9263.13,2451,18081.7,14592.1,2459.78,2456.44,801.61,1.95,1.95,533.13,235.08,5840.79,
HLAA2,E6,LLRREVYDFAF,nb,,13943.72,11801,13611.5,15235.6,8001.23,9759.45,3167.62,26.65,25.55,19150.49,8052.12,10421.88,
HLAA2,E6,TTLEQQYNKPL,nb,,17677.19,1268,9390.2,16075.4,3430.93,2077.17,1691.19,15,9.5,559.99,405.42,10436.03,
HLAA2,E6,TIHDIILECVY,nb,,8436.97,23412,13565.7,16111.2,24586.4,23957.42,39837.46,8.55,8.25,1932.77,1264.47,18480.25,
HLAA2,E6,LLIRCINCQK,nb,,11948.67,13794,17019.5,16704.8,15713.18,14722.66,3133.53,11.95,10.4,2059.78,3086.6,8211.36,14
HLAA2,E6,HLDKKQRFHNI,nb,,13960.33,3145,13408.9,17238,1447.46,2134.13,265.87,20.15,19.05,6028.09,4167.83,2299.22,
HLAA2,E6V,ELQTTIHEIIL,nb,,14052.78,4108,13077.5,17333.4,3974.19,4040.73,674.19,10.75,9.65,2826.05,1076.24,10684.04,
HLAA2,E7,DLYCYEQL,nb,,17632.1,7060,16955.4,17409.5,1650.3,3416.85,286.79,12.15,11.85,3979.51,3725.72,8137.15,
HLAA2,E6,KCLKFYSKI,nb,,12145.36,9867,16904.7,17601.4,16790,12860.25,3807.28,26,26,15396.78,14226.89,5452.76,14
HLAA2,E6,IILECVYCK,nb,,4245.82,4793,14731.4,17699,15199.51,8524.88,784.45,5.5,5.5,953.74,1244.83,3546.59,19
HLAA2,E6,LLIRCINCQ,nb,,7167.67,8472,18562.4,17771.5,12566.03,10301.97,605.05,5.8,5.8,4607.13,5716.23,6194.73,19
HLAA2,E6,LECVYCKQQLL,nb,,19398.9,21000,11673.4,18246.4,31769.96,25842.4,19295.7,57,51.5,28065.97,61646.72,15988.75,
HLAA2,E6,CMSCCRSSR,nb,,28503.37,23210,18475.6,18385.9,25890.26,"24481.50",19505.61,45,34,19880.62,15999.63,14190.05,10
HLAA2,E6,VYRDGNPYAV,nb,,15454.89,15777,19492.7,18526.3,21912.71,18578.65,7208.66,22.5,13.5,3190.22,2615.05,4585.29,14
HLAA2,E6,YAVCDKCLKF,nb,,15271.88,20390,18812.7,18867.1,23085.04,21734.48,36534.22,30,20.95,8726.1,11180.98,14274.16,9
HLAA2,E6,SLYGTTLEQQY,nb,,14538.09,4751,13566.9,18915.2,11580.83,7406.31,3685.69,9.15,8.1,1104.54,878.84,9040.58,
HLAA2,E6,YSKISEYRHYC,nb,,24619.36,26570,16011.7,19293.2,30891.46,28640,50000,33.5,28,20472.93,3845.12,20768.39,
HLAA2,E7,DLQPETTDL,nb,,17945.05,17374,17659.6,19295.7,19863.85,18578.65,514.41,19,13,6583.09,6181.73,12822.97,23
HLAA2,E7,RTLEDLLM,nb,,15875.55,8515,18336.2,19711.8,4250.75,5997.52,1844.1,26,25.5,20598.23,19151.82,2484.21,
HLAA2,E6,YSLYGTTL,nb,,17993.27,5198,19223.6,20908.9,1016.09,2302.04,1017.05,20.8,20.5,23111.6,12000.79,2281.1,
HLAA2,E6,IHDIILECV,nb,,11618.35,15173,21609.5,21292,9987.2,12315.54,1709.59,17,17,7752.29,8055.82,11800.71,16
HLAA2,E7,STHVDIRTL,nb,,13064.73,13272,21277.7,21370,21158.34,16763.86,3202.08,23,23,11205.47,9640.73,13081.26,22
HLAA2,E6,KPLCDLLIRCI,nb,,9568.74,4519,24361.3,21675.5,19674.44,9447.76,8758.62,3.7,3.3,343.7,415.82,11669.91,
HLAA2,E6,YNKPLCDLLI,nb,,14169.12,11218,20470.9,22341.3,27417.58,17505.31,18279.56,18,16.35,5634.04,6345.71,10628.92,12
HLAA2,E6,KISEYRHYCYS,nb,,25555.72,14150,20249.9,22367.7,5450.15,8758.62,2873.7,21.85,16.35,809.43,375.76,9021.71,
HLAA2,E6,CVYCKQQL,nb,,28998.27,12404,21594.1,22673.2,4644.39,7568.32,1050.6,44,42.5,15164.57,33900.8,13189.08,
HLAA2,E6V,ISEYRHYCYSV,nb,,16198.28,9576,17417.3,22763.2,7510.44,8478.89,1925.66,17,12.2,2891.88,1373.76,2894.51,
HLAA2,E6,FQDPQERPRKL,nb,,20790.04,9208,17750.8,23015.3,4827.17,6682.85,1347.45,47,41.5,7314.42,18319.35,6434.99,
HLAA2,E7,LQPETTDLY,nb,,25371.14,21287,24832,24655.3,29823.37,25152.75,16763.86,38,38,40591.02,41601.6,15306.48,6
HLAA2,E7,GIVCPICSQ,nb,,24415.38,22439,29028.1,24846,30796.3,26265.23,2314.53,47,47,63449.76,88127.21,16340,16
HLAA2,E6V,YSVYGTTL,nb,,14822.88,8504,25590.3,25933.7,10648.33,9499,2968.51,23.1,29,38355.71,15929.79,6135.12,
HLAA2,E7,HVDIRTLEDLL,nb,,21135.7,8487,20053.4,26313.3,5721.4,6978.43,2216.49,21,15.5,1824.65,1004.41,11756.83,
HLAA2,E7,QLNDSSEEE,nb,,28772.62,25047,29819.8,27846.4,32684.22,28640,1691.19,36,35,24913.23,34922.88,14869.24,14
HLAA2,E6,ILECVYCK,nb,,13210.86,15745,23841.6,28087.3,23501.25,19191.6,5869.13,18.45,17.85,640.96,11071.59,12045.85,
HLAA2,E6,TELQTTIHDII,nb,,22326.79,10259,27527.1,29225.1,30113.95,17600.27,11857.88,22,16.5,640,997.49,18465.07,
HLAA2,E6,AVCDKCLKFYS,nb,,24098.07,12361,24857,29925.8,22102.06,16583.46,5267.25,22.25,16.75,791.01,794.16,7890.48,
HLAA2,E6,QQLLRREVYDF,nb,,22055,18764,27432.3,30678.9,18406.15,18578.65,20149.14,31,25.5,3517.06,3697.52,19048.96,
HLAA2,E7,DIRTLEDLL,nb,,28506.14,26616,27806.1,31428.1,34840.97,30560.95,9654.43,45,43,71520.41,68251.15,16932.5,18
HLAA2,E7,TLRLCVQS,nb,,22847.31,14993,29624.6,31783.1,19456.25,17130.58,10992.95,9.65,8.15,11990.3,414.2,14923.29,
HLAA2,E6,AFRDLCIVY,nb,,24892.84,28282,34842.5,32065.6,33334.21,30726.73,50000,36,35,244022.57,258886.86,15568.97,4
HLAA2,E6,DLLIRCINCQK,nb,,20836.43,23689,32321.3,33080.9,36110.11,29266.51,16583.46,22.5,17,2755.37,1373.76,15381.05,
HLAA2,E6,IILECVYCKQQ,nb,,18479.01,10179,30770,33495.1,19262.61,"14023.00",3380.08,14.9,8.9,354.14,298.48,12839.4,
HLAA2,E7,VQSTHVDI,nb,,31123.22,16006,31479.2,34280.8,7294.32,10815.98,1946.61,59,57.5,39339.61,99588.69,14870.24,
HLAA2,E7,LQPETTDLYCY,nb,,28442.99,14305,30165.4,34365.1,27128.45,19611.42,17505.31,43,37.5,13937.34,6052.15,17470.59,
HLAA2,E7,GIVCPICS,nb,,31844.36,23041,34494.7,34852.3,23274.72,23067.13,5154.5,17.85,16.35,8352.76,463.67,16979.39,
HLAA2,E6,QYNKPLCDLLI,nb,,23709.1,7711,31893.7,35465.9,27522.3,14564.23,19932.31,27,21.5,2433.21,1918.27,12473.32,
HLAA2,E7,VDIRTLEDL,nb,,25952.23,26391,33994.2,35514.6,32812.12,29425.27,5997.52,39,38,56810.68,43763.29,14060.73,17
HLAA2,E7,CKCDSTLRLCV,nb,,18788.29,7516,34804.1,35739.4,32219.93,15541.08,7692.16,13.85,7.85,233.44,97.7,16497.23,
HLAA2,E6V,QERPIKLPDL,nb,,32740.49,32349,37282.6,37702.8,36784.1,34610.27,50000,58.5,51.5,54678.93,38060.98,17463.82,17
HLAA2,E7,LCVQSTHVDIR,nb,,34584.06,29802,36133.6,37863.9,43876.29,36141.06,50000,59,54,40474.36,10737.67,21318.05,
HLAA2,E6,QQLLRREVYD,nb,,30968.04,28321,37815.6,38188.5,38362.71,32965.5,33504.88,48.5,41,23649.39,14206.27,22971.14,4
HLAA2,E6V,SEYRHYCYSV,nb,,36945.24,32011,7818.5,38203.8,39376.71,35559.24,50000,80.5,1.85,211748.33,295447.28,2208.79,16
HLAA2,E6V,YCYSVYGTTL,nb,,34592.68,34945,8457.4,39893.1,38686.66,36732.4,50000,74.5,6.35,180642.53,198371.83,4414.62,15
HLAA2,E6V,YCYSVYGT,nb,,35995.51,24663,30513.7,41703.6,43189.76,32610.74,50000,38,38.4,3791.67,9466.95,6802.65,
HLAA2,E6V,QERPTKLPQL,nb,,40295.68,33748,36315.1,43632.5,43533.08,38357.05,50000,93,52,481748.09,1731729.28,19318.68,17
HLAA2,E7,SEEEDEIDGPA,nb,,39189.34,25923,42406.6,44656,40382.75,32259.8,45854.11,53,48,841.74,2202.47,21110.44,
HLAA2,E6,LKFYSKIS,nb,,40510.75,26199,45297.4,46367,41927.78,33144.32,50000,35.8,34.3,4751.49,182.9,22199.8,
HLAA2,E6,DKCLKFYS,nb,,39199.1,28441,45914.7,48133.6,45857.77,36141.06,50000,31.6,30.1,9243.36,132.19,23125.13,
HLAA3,E6,RCINCQKPLCP,1.71,0.22,35545.01,19965,40525.7,38522.6,42313.34,29108.61,50000,56,53,296.94,9242.51,20092.65,
HLAA3,E6V,RHYCYSVYGTT,2.03,0.71,32699.07,10627,31414.9,37526.2,30379.53,17985.29,11479.16,32.5,29.5,691.31,2929.48,23034.28,
HLAA3,E6,LLIRCINCQK,2.06,0.97,171.51,90,79.7,79.4,128.03,107.14,2122.61,0.9,0.5,70.16,79.47,36.68,29
HLAA3,E6,KCLKFYSKI,3.8,0.8,28007.8,20793,30831.3,26463.2,26765.26,23571.74,19505.61,37,33.5,59753.04,69470.43,21373.22,8
HLAA3,E7,IVCPICSQK,4.06,1.38,274.58,155,238.9,182,204.01,178.16,418.82,0.55,0.95,159.35,153.04,193.6,31
HLAA3,E6,SLYGTTLEQQY,6.68,2.49,233.79,955,131.8,162.5,131.03,354.15,1422.36,6.65,6.6,4684.57,2778.37,1272.21,
HLAA3,E6,LIRCINCQK,7.03,3.61,375.07,593,145.8,162.3,227.21,365.84,585.72,1.1,1.5,489.06,465.37,204.05,24
HLAA3,E7,GIVCPICSQK,7.06,2.83,343.48,169,157.8,156.6,199.76,185.03,1864.16,1,0.55,108.41,99.82,215.34,24
HLAA3,E6,AVCDKCLKFY,9.68,2.59,932.09,1276,1364.5,990.5,1939.07,1576.34,4989.87,2.15,1.5,548.37,455.2,2047.26,20
HLAA3,E6,IILECVYCK,11.02,3.27,226.1,126,226,265.9,153.36,138.91,367.82,0.7,1.15,243.42,225.32,100.34,23
HLAA3,E6,KFYSKISEYR,11.4,0.71,319.36,329,1046,924.2,1118.92,608.33,1028.11,1.6,1.2,279.3,317.1,535.31,11
HLAA3,E6,IVYRDGNPY,11.58,1.76,974.71,1081,695.4,661.1,696.08,869.37,784.45,1.6,1.9,796.82,756.48,610.05,28
HLAA3,E6,TTLEQQYNK,15.55,5.05,492.96,248,658,1048.2,520.64,359.95,330.1,1,1.35,438.89,359.58,494.46,13
HLAA3,E6,GTTLEQQYNK,17.96,1.67,1292.32,2536,804.8,1092.1,1577.89,1999.98,2289.62,3.5,2.8,970.67,906.15,1025.62,11
HLAA3,E6,KQRFHNIRGR,23.03,4.59,1602.6,1119,1270.2,1768.7,2365.19,1628.34,2443.19,3.45,11.35,650.23,676.39,932.8,10
HLAA3,E6,HLDKKQRFH,29.58,13.63,3475.27,3086,8301.7,8407.5,7001.27,4651,9047.59,2.7,2.9,1880.88,1908.97,3505.48,15
HLAA3,E6,CVYCKQQLLR,36.33,19.78,112.79,232,319.8,377.7,248.49,239.9,427.98,1.15,0.95,248.35,211.45,56.32,21
HLAA3,E6,AVCDKCLK,38.2,10.85,6961.08,752,7695.2,5533.2,636.84,692.67,1550.96,3.45,3.15,21975.06,13610.69,219.51,
HLAA3,E6,KFYSKISEY,52.27,21.55,519.29,479,955,883.7,671.14,567.02,1654.99,1.45,1.8,571.95,664.97,1312.78,17
HLAA3,E6,RHYCYSLY,64.46,20.7,10604.15,2148,12510.7,10536.2,1563.32,1834.15,2873.7,21,20.7,33878.95,42158,5011.42,
HLAA3,E6,MFQDPQERPRK,64.67,1.05,17041.11,12848,10199.6,9190.6,5056.67,8032.38,7287.08,13.1,12.7,11659.23,3705.02,2965.28,
HLAA3,E6,RCMSCCRSSR,nb,,274.07,2109,229.2,338.5,6678.84,3745.99,3307.72,4.2,3.8,1396.59,1687.33,2146.15,14
HLAA3,E6,KISEYRHYCY,nb,,572.58,430,625.5,421.4,573.11,495.29,2216.49,2.55,1.95,461.39,671.74,508.53,18
HLAA3,E6,CMSCCRSSR,nb,,711.79,373,665.7,890.9,607.79,476.88,"666.93",1.2,1.5,659.72,435.31,698.37,10
HLAA3,E6V,SVYGTTLEQQY,nb,,720.63,1352,29778.2,347,244.09,573.19,1028.11,12.15,12.1,5763.28,4729.23,1981.87,
HLAA3,E6,HNIRGRWTGR,nb,,919.26,17425,6983.1,5547.6,19060.47,18279.56,5743.49,16.25,15.6,8185.97,17147.47,5285.04,11
HLAA3,E6,CLKFYSKISEY,nb,,1540.97,7090,1363,894.8,1719.84,3491.59,9865.62,3.05,2.75,1134.15,1658.78,2095.08,
HLAA3,E6,DIILECVYCK,nb,,1829.27,6948,2341.3,1882.1,9297.67,8075.95,4989.87,5.15,13.05,1449.01,1563.87,6024.3,22
HLAA3,E6,DLLIRCINCQK,nb,,2443.06,4239,2405.2,1145.9,3336.33,3766.31,3491.59,0.7,0.3,3017.66,217.67,1671.69,
HLAA3,E6,CVYCKQQLLRR,nb,,2848.84,1030,2458.8,2237.6,347.84,598.54,503.39,"
3.05",2.65,525.62,1636.03,95.14,
HLAA3,E7,AHYNIVTFCCK,nb,,2918.19,2252,7881.6,10306.1,1675.21,1936.11,1946.61,1.05,0.65,331.64,585.85,942.61,
HLAA3,E6,CIVYRDGNPY,nb,,3007.11,6794,2175.4,1467.2,9008.33,7860.43,9972.95,5.75,13.65,2698.17,2071.09,4834.9,17
HLAA3,E7,IVCPICSQKP,nb,,3035.55,26229,5633.4,3345.4,35409.77,30396.07,26407.71,21.1,29,55216.64,27114.4,14125.21,15
HLAA3,E6,NIRGRWTGR,nb,,3240.31,7258,8766.1,8301.7,7651.49,7486.88,1006.1,3.75,3.95,2974.13,3426.1,2543.2,20
HLAA3,E7,HYNIVTFCCK,nb,,3307.86,2689,4137.7,4049.9,4067.17,3307.72,2968.51,2.2,10.05,127.08,108.44,2198.62,11
HLAA3,E6,LKFYSKISEY,nb,,3753.5,11717,4157.9,3145.9,16994.15,14099.07,28485.48,11.15,19,4386.01,6842.27,9631.78,9
HLAA3,E6,SLYGTTLEQ,nb,,4285.47,5751,1227.5,1058.5,4303.59,4962.95,932.72,5.4,5.55,6300.28,6963.06,2301.67,20
HLAA3,E7,LGIVCPICSQK,nb,,4665.87,11010,3028.7,1894.1,3492.13,6195.39,6330.92,6.75,6.2,11985.88,2696.44,4029.24,
HLAA3,E6,MSCCRSSRTR,nb,,4817.98,2154,5366.9,4520.9,3957.02,2920.72,2077.17,3.75,11.45,988.71,721.44,1521.4,8
HLAA3,E6,AFRDLCIVYR,nb,,5085.86,5136,3393.3,4587.1,6228.77,5651.03,3236.91,5.45,13.15,1556.22,1648.92,4400.14,15
HLAA3,E6,SLYGTTLEQQ,nb,,5755.56,14450,2198.7,1800.8,10113.39,12051.9,5743.49,14.3,22,8651.07,11122.44,2883.48,20
HLAA3,E7,TLRLCVQSTH,nb,,5913.95,4257,4624.7,5806,2514.18,"3272.12","9146.01",8.3,16,3508.08,3624.1,4631.01,25
HLAA3,E6,FAFRDLCIVY,nb,,6638.96,10871,7682.8,6733.5,6604.77,8478.89,5382.48,15.3,23,13276.08,12308.35,5603.96,13
HLAA3,E6,ILECVYCK,nb,,6671.15,706,4307.9,3159.6,353.02,497.98,2289.62,3.05,2.8,20841.55,13516.99,890.27,
HLAA3,E6,IVYRDGNPYA,nb,,7479.27,17009,8807.6,7084.6,7300,11112.54,4576.12,7.8,15.5,4592.72,3297.62,5575,19
HLAA3,E7,YNIVTFCCK,nb,,7847.85,15180,6165.1,7521.7,7281.8,10527.33,2314.53,7.2,7.3,9557.85,10251.8,3252.65,13
HLAA3,E6,AFRDLCIVY,nb,,7946.88,13978,9238.2,8917.6,9151.66,11294.36,5869.13,7.75,7.8,11333.39,10685.63,9427.56,17
HLAA3,E6,TIHDIILECVY,nb,,8104.13,7833,7411.9,7794.2,3158.52,4989.87,5044.15,24.9,24.2,15089.33,9178.89,10238.98,
HLAA3,E6,YAVCDKCLK,nb,,8224.8,11823,6883.9,7155.4,9129.6,10414.04,2145.7,4.85,4.9,6100.42,5405.05,3821.65,10
HLAA3,E6,KFYSKISEYRH,nb,,8573.91,5102,13864.3,12156,2831.36,3807.28,5267.25,24.4,23.7,2942.19,8928.74,8079.24,
HLAA3,E6,SEYRHYCYSLY,nb,,8860.23,4532,13640.5,16141.2,3851.38,4174.04,5044.15,14.4,13.7,5066.06,5114.34,3824.43,
HLAA3,E6,CQKPLCPEEK,nb,,9041.61,6642,6630.4,6276.4,4341.5,5353.44,8032.38,6,13.6,3451.99,2000.78,7555.64,15
HLAA3,E7,RLCVQSTHV,nb,,9250.01,13538,15291.1,10478.1,13989.97,13722.81,5382.48,6.8,6.8,8636.94,8068.63,9181.89,15
HLAA3,E6,CMSCCRSSRTR,nb,,10382.31,5750,5407,4846.3,1195.98,2621.2,2216.49,2.95,2.15,4311.91,1373.38,1255.84,
HLAA3,E6,FAFRDLCIVYR,nb,,10464.76,3456,6144.5,5944,1780.39,2483.17,1249.17,1.9,1.1,969.77,854.65,2491.42,
HLAA3,E6,CDKCLKFYSK,nb,,10654.87,10806,14495.2,15320,20436.58,14802.53,9865.62,8.15,15.5,1675.21,3035.29,4404.86,13
HLAA3,E6,TLEQQYNK,nb,,10744.48,1343,10288.9,8603.6,1230.98,1290.38,3932.89,3.5,3.2,20745.79,13579.38,2689.68,
HLAA3,E6,VYCKQQLLR,nb,,11111.21,14467,15505.3,16174.8,17114.83,15710.15,3033.45,5.5,5,5667.09,5556.48,5567.25,7
HLAA3,E6,CVYCKQQLL,nb,,11113.02,14359,11524.3,11532.3,11896.17,13070.67,2722.37,4.1,3.6,3291.24,2943.07,9443.88,15
HLAA3,E6,YGTTLEQQYNK,nb,,11681.38,18702,6768.1,8477.2,13689,15967.2,8950.22,19.55,18.9,10731.74,6820.09,9249.9,
HLAA3,E6,WTGRCMSCCR,nb,,12285.99,9643,10630,8888,11571.45,10584.44,1967.79,9.65,16,4065.09,3751.46,8769.71,7
HLAA3,E6,KCLKFYSK,nb,,12371.89,528,17169.9,14701.7,997.56,727.23,2904.96,3.35,3.1,22435.2,13393.07,1161.62,
HLAA3,E7,LLMGTLGIVC,nb,,12569.3,17786,25636.3,25372.2,26189.62,21500.59,11355.63,7.35,13.55,1883.95,1973.33,6640.96,19
HLAA3,E6,KISEYRHY,nb,,12912.53,611,13743.6,12211.8,1274.86,883.6,3380.08,15.4,15.3,32879.86,35882.28,1745.78,
HLAA3,E7,NIVTFCCK,nb,,12935.6,3323,13002.8,10964.7,1813.4,2443.19,2607.06,3.65,3.55,21131.48,13516.99,1844.15,
HLAA3,E6,KQRHLDKK,nb,,12994.1,767,13835.5,14324,1853.41,1189.81,4625.9,4.2,4.1,21474.84,13768.29,978.4,
HLAA3,E7,RAHYNIVTF,nb,,13236.75,16839,12923,11466.9,19463.67,18082.85,4151.52,16.85,16.25,33990.69,44238.46,9593.77,16
HLAA3,E6,AVCDKCLKF,nb,,13831.93,19620,16946,18440.7,16786.91,18180.94,4242.33,12.25,11.7,18722.33,19943.44,7889.6,22
HLAA3,E6,ISEYRHYCY,nb,,14211.49,16316,14319.7,15430.7,14386.46,15290.89,4288.48,10.45,9.9,10504.13,11689.61,12713.66,10
HLAA3,E6,KQRFHNIR,nb,,14664.95,2543,13352.3,14637.8,2352.02,2443.19,2635.42,35.2,35,31400.03,50104.88,7402.8,
HLAA3,E6,MSCCRSSRTRR,nb,,15034.96,7562,11875.2,11276.2,2468.64,"4311.75","1804.62",16.55,16.3,4136.85,5079.14,2449.28,
HLAA3,E7,TLHEYMLDL,nb,,15136,15410,18168.3,19457.6,18613.06,16946.23,3529.57,11.1,10.6,14137.09,12583.46,13478.84,14
HLAA3,E7,RLCVQSTH,nb,,15734.3,1369,10452,9516.8,1104.16,1229.06,4429.97,35.45,35.25,30897.97,50220.38,5585.55,
HLAA3,E6,KQRFHNIRGRW,nb,,15845.69,17671,20875.5,16747.9,19343.92,18478.42,15208.39,15.85,15.45,1908.4,4872.93,17769.85,
HLAA3,E7,GTLGIVCPI,nb,,16709.72,22145,14216.1,16237.1,16243.39,18985.07,2032.71,21.55,21.1,60863.93,61489.36,12524.86,4
HLAA3,E6,QQLLRREVY,nb,,17322.18,16461,19321.6,18986.5,20352.47,18279.56,13212.86,15.5,14.15,19114.37,18698.21,10250.17,18
HLAA3,E6,QLLRREVYDF,nb,,17676.8,24725,20194.8,19300.3,22370.55,23571.74,22451.54,29,24.5,12475.85,15638.68,14022.34,21
HLAA3,E7,RLCVQSTHVD,nb,,18732.86,20298,30799,26869.2,29709.03,24614.3,16946.23,21.5,16,5808.58,3674.51,12125.07,18
HLAA3,E6,LLIRCINCQ,nb,,18800.89,22264,11563.9,8157.2,24478.85,23318.07,15710.15,31,27,87570.94,99037.58,12143.73,16
HLAA3,E7,DLLMGTLGIV,nb,,19532.01,22196,25829,23381.5,34987.21,27875.69,32787.64,30.5,24.5,17461.04,15892.78,19685.62,13
HLAA3,E6,EVYDFAFR,nb,,19611.21,1119,15071.1,13702.2,1791.83,1414.68,560.92,33.4,33.3,31617.68,47849.79,1767.87,
HLAA3,E6,MSCCRSSR,nb,,19626.06,2700,17131.7,13412.8,2101.05,2377.99,"
1437.83",40.4,40.3,34192.43,53812.11,4265.17,
HLAA3,E7,LRLCVQSTHV,nb,,19670.29,26030,25703,21693.8,40063.25,32434.8,50000,43,36.5,64131.29,67639.44,23725.23,3
HLAA3,E6,RHYCYSLYGT,nb,,20568.75,20078,27448.9,27460.5,24873.91,22330.41,8387.64,18.95,12.45,3027.4,957.63,18229.62,8
HLAA3,E7,STLRLCVQSTH,nb,,20787.57,2931,16029.2,18133,4770.88,3745.99,2722.37,17,13.5,1149.93,2895.94,6090.87,
HLAA3,E6,QLLRREVY,nb,,21021.66,4694,23909.5,20930.4,4800.41,4727.1,11479.16,26.85,26.75,32728.79,43339.11,7983.11,
HLAA3,E6,QLCTELQTTI,nb,,21471.29,25775,26474.9,28167.4,33187.75,29266.51,48929.64,41,34.5,56113.84,44895.21,20493.74,17
HLAA3,E6,LLRREVYDFA,nb,,21627.51,21822,20706.5,17154.5,23537.25,22573.33,25564.3,27,20.5,8167.14,7001.64,11632.22,16
HLAA3,E7,DLLMGTLGI,nb,,21838.44,21578,30567.9,31163.7,32691.64,26550.96,6062.77,29.5,25.5,63585.78,57916.19,20582.9,17
HLAA3,E7,DLQPETTDLY,nb,,22014.71,15400,21015.8,21952.6,25320.12,19717.81,30396.07,28.5,22,12854.94,8038.96,15293.07,19
HLAA3,E6,EVYDFAFRDL,nb,,22911.42,24229,23921.9,24652.2,26645.36,25426.37,8208.09,37,30.5,18368.34,22604.77,18611.3,15
HLAA3,E7,TLEDLLMGTL,nb,,23059.65,25539,30576.8,31871.2,31332.37,28331.79,25564.3,41.5,35,41982.66,39554.87,20850.42,16
HLAA3,E6,LLRREVYDF,nb,,24721.05,21110,22277.1,21305.1,23841.31,22451.54,10992.95,31.5,27.5,48234.75,50326.88,15832.3,20
HLAA3,E6,TTLEQQYNKPL,nb,,27205.55,23949,28951.3,31979.7,28658.75,26265.23,8853.9,18.7,15.2,3553.61,1287.63,22232.35,
HLAA3,E7,QAEPDRAHY,nb,,27770.62,22103,31368.7,32322.3,33001.89,27131.77,15208.39,38,34.5,79498.7,75822.83,21057.25,15
HLAA3,E6,MSCCRSSRT,nb,,28748.97,21058,27338.6,24516.5,27263.02,23957.42,8032.38,31.5,28,21152.42,24592.35,15119.46,5
HLAA3,E7,HVDIRTLED,nb,,29041.29,21958,34614,35869.5,30384.56,25842.4,7609.38,36,32.5,61144.87,46751.98,19553.33,16
HLAA3,E6,QLLRREVYD,nb,,29240.24,21987,36077.4,34485.4,31003.9,26123.53,11355.63,29.5,26,17272.69,14249.51,16006.26,23
HLAA3,E6,EVYDFAFRD,nb,,31120.87,24018,34381.5,36901.7,37789.82,30068.96,2722.37,35,31.5,28272.23,22583.96,21154.21,18
HLAA3,E6,RGRWTGRCMSC,nb,,32155.95,19609,31960.3,29346.1,30467.62,"24349.41",22695.78,32.5,29.5,279.69,3410.28,20397.39,
HLAA3,E7,MLDLQPETT,nb,,32543.43,23566,34477.6,35579.6,37856.92,29745.37,32787.64,49,46,133462.73,126415.4,21275.33,16
HLAA3,E6,QLCTELQTT,nb,,33763.27,24928,37822.9,37793.1,40223.81,31740.46,30726.73,54.5,51.5,164952.92,186982.09,20733.07,16
HLAA3,E6,KQRHLDKKQRF,nb,,33979.48,22040,34183.8,32189.7,30126.83,25702.97,42051.98,45.5,42.5,349.68,6321.06,18525.91,
HLAA3,E6,PLCPEEKQR,nb,,34912.68,23558,36868.6,36295.1,35864.1,28951.56,9865.62,46,43,54873.16,43933.92,15986.35,20
HLAA3,E6,CTELQTTIHDI,nb,,35473.93,18831,35970.6,37597.3,36068.8,26123.53,47366.92,32.1,29.1,9742.49,290.93,24217.74,
HLAA11,E6,LLIRCINCQK,1.36,0.3,351.07,147,200.3,196.5,118.73,131.59,1637.18,1.5,1.15,178.58,165.9,73.83,17
HLAA11,E7,GIVCPICSQK,2.22,0.84,185.37,79,112.5,109,86.75,83.09,2579.01,1.35,1.05,122.7,137.67,57.44,19
HLAA11,E6,FAFRDLCIVYR,2.67,1.28,6087.15,1546,1170.5,1597,158.13,495.29,704.01,2.65,2.2,1391.55,228.61,198.54,
HLAA11,E7,IVCPICSQK,3.16,0.78,48.66,22,78.9,66.9,63.32,37.71,392.49,0.45,0.35,53.83,49.81,32.55,21
HLAA11,E6,TTLEQQYNK,4.71,1.74,24.27,18,18.4,27.5,20.28,19.39,166.96,0.3,0.25,29.92,25.25,16.75,21
HLAA11,E6,AVCDKCLKFY,4.8,0.55,219.88,312,419.6,533.8,399.93,354.15,3033.45,2.5,2.2,767.06,588.64,488.07,15
HLAA11,E6,IILECVYCK,4.98,1.33,42.95,22,52.5,35.9,32.27,27.11,241.2,0.55,0.45,83.37,79.67,30.4,18
HLAA11,E6,FQDPQERPRK,5.01,2.17,5528.02,3496,5223.6,5867.5,3274.57,3380.08,20589.91,4.2,2.9,1305.66,829.56,1262.91,11
HLAA11,E6,LIRCINCQK,5.21,2.43,1089.12,2360,338,287.3,324.32,874.09,1158.05,2.25,2,696.67,836.18,398.95,16
HLAA11,E6,GTTLEQQYNK,5.26,2.57,126.77,76,57.7,93,92.16,83.99,1332.95,0.8,0.75,118.8,65.29,28.78,23
HLAA11,E6,TLEQQYNK,6.03,2.84,3131.9,1354,7464.8,5308.2,348.53,685.22,3236.91,11.05,10.65,3424.92,15057.75,376.55,
HLAA11,E6,DIILECVYCK,6.8,2.41,448.12,483,923.8,496.4,1164.67,751.22,2216.49,2,1.65,451.68,315.39,612.24,18
HLAA11,E6,HDIILECVYCK,7.45,0.64,2169.44,6604,1212.8,970.9,6535.97,6575.26,4062.65,1.9,1.65,78.61,130.65,4299.93,
HLAA11,E7,LGIVCPICSQK,7.64,2.77,1807.2,4075,1627.3,1398,889.44,1904.94,5932.98,3.8,3.75,1800.94,595.8,1571.98,
HLAA11,E6,ILECVYCK,8.34,3.03,4750.58,642,4510.3,2359.2,241.49,394.62,2122.61,0.7,0.3,201.21,284.29,162.84,
HLAA11,E6V,HEIILECVYCK,8.7,4.08,2171.42,6972,1219.5,970.9,7181.33,7092.61,3725.78,7.7,7.45,159.4,1503.49,2827.87,
HLAA11,E6V,EIILECVYCK,8.79,1.87,459.33,261,616,398.2,437.01,339.15,1804.62,2.05,1.7,441.4,349.02,260.58,18
HLAA11,E6,AVCDKCLK,9.72,3.73,1412.83,25,3433.7,2358.7,55.75,37.51,819.15,2.95,2.9,422.33,3249.08,27.72,
HLAA11,E6,YAVCDKCLK,11.35,2.66,1462.48,2153,834.3,979.9,1370.67,1718.86,1485.27,2.45,2,935.47,849.77,305.36,12
HLAA11,E6V,HEIRLECVYCK,11.67,3.82,13242.48,5695,11653,11660.2,5676.73,5681.68,3380.08,8.85,7.65,305.14,1538.51,3796.07,
HLAA11,E6,RCMSCCRSSR,12.19,1.5,1927.66,11341,1956.4,1721.1,5276.89,7733.88,4625.9,12.65,11.65,5765.41,17492.42,10366.76,9
HLAA11,E6,AVCDKCLKFYS,13.16,3.3,9182.5,1847,12747.5,11471.3,6654.01,3510.53,3033.45,5.85,5.3,68.63,1033,760.73,
HLAA11,E7,YNIVTFCCK,13.23,7.77,2722.16,2772,780,961,820.51,"1509.57","1109.00",3.3,2.6,1253.23,1423.31,1366.32,13
HLAA11,E6,DLLIRCINCQK,14.75,5.33,4278.29,2803,5360.6,3140.1,2239.52,2510.18,4478.16,6.05,5.65,1965.62,1148.42,3141.67,
HLAA11,E7,NIVTFCCK,15.96,4.18,8169.19,166,7719.3,5011.1,156.72,161.63,2390.89,3.15,2.75,2888.35,3039.21,177.44,
HLAA11,E6,PYAVCDKCLK,15.99,2.11,8296.39,18387,7230.3,7038.1,23079.66,20701.6,31398.89,8.6,7.15,9546.19,5765.67,6694.07,14
HLAA11,E6V,RLECVYCK,17.52,4.56,4437.21,277,2509.2,1319,198.97,234.76,1453.47,0.75,0.35,321.85,307.44,117.12,
HLAA11,E6,IVYRDGNPY,19.84,4.91,575.65,407,541.4,480.1,369.12,386.17,704.01,1.45,1.35,483.09,449.06,217.86,10
HLAA11,E6,NPYAVCDKCLK,22.27,17.81,19279.42,3338,12853.2,18020.2,11106.57,6095.65,3725.78,4.85,4.3,509.92,130.65,5561.11,
HLAA11,E7V,TFCCKCDFTLR,24.31,10.02,19753.46,2790,17961.6,21978.5,7353.4,4526.88,6682.85,7.45,6.9,423.16,660.85,1347.93,
HLAA11,E6,EVYDFAFR,27.75,5.14,9341.53,94,6460.5,4961.4,107.46,100.41,418.82,0.85,0.45,1464.37,555.6,146.24,
HLAA11,E7,AHYNIVTFCCK,28.96,12.39,4515.23,1025,3047.8,5908.5,874,947.98,1844.1,1.95,1.55,266.38,113.27,1799.47,
HLAA11,E6,CVYCKQQLLR,36.49,6.55,506.27,291,356.5,348.8,113.46,181.07,560.92,1.9,1.55,648.38,297.06,54.98,24
HLAA11,E6,YAVCDKCLKFY,40.88,5.62,2634.65,21532,10967.8,7708.6,8055.37,13141.57,"
11479.16",6,5.7,1834.43,1159.04,7952.68,
HLAA11,E6,YGTTLEQQYNK,47.05,8.49,962.76,9590,539.9,956.5,3197.46,5530.06,6330.92,6.25,6.05,1872.84,1374.36,4318.6,
HLAA11,E6,AVCDKCLKF,48.82,11.21,9085.16,13066,10508.3,12744.2,11306.1,12183,3133.53,5.55,4.65,3999.72,3633.29,3531.46,19
HLAA11,E6,AFRDLCIVYR,53.65,13.73,6053.46,5149,2782.3,3801.2,3765.74,4406.07,8208.09,6.15,4.85,2715.38,2923.14,2622.76,18
HLAA11,E6,KISEYRHYCY,55.3,14.4,263.87,222,715.8,553.5,463.02,319.56,2010.83,2.6,2.3,697.96,642.47,96.68,6
HLAA11,E6,VCDKCLKFYSK,58.43,5.66,16577.36,4488,16472.8,20498.8,2959.45,3646.02,11112.54,28.35,27.75,2900.68,11274.57,2927.26,
HLAA11,E6,ISEYRHYCY,62.36,12.84,4911.67,6762,7398.6,7567.9,6917.16,6829.04,2416.9,"
5.70",5,3944.85,4210.17,1090.05,10
HLAA11,E6,WTGRCMSCCR,82.74,12.11,15228.16,5497,5391.6,4430.8,1325.67,2693.07,1262.76,8,6.75,3371.55,2398,3411.96,18
HLAA11,E6,CVYCKQQLLRR,nb,,4831.97,1260,2456.7,2403.7,181.55,479.47,611.63,2.65,2.25,77.54,231.79,93.84,
HLAA11,E6V,SVYGTTLEQ,nb,,2254.35,5675,733.8,643.1,3692.59,4576.12,776.01,3.55,2.85,1538.26,1582.34,221.92,19
HLAA11,E6V,SVYGTTLEQQY,nb,,369.2,354,99.8,181.3,143.07,226.04,1222.43,9.2,9.05,691.03,2291.4,373.02,
HLAA11,E6,CMSCCRSSR,nb,,1842.96,2401,1773.2,1592.3,512.4,1109,"1290.38",3.2,2.55,2182.88,1365.53,488.08,14
HLAA11,E6,MSCCRSSR,nb,,13500.58,327,11909.6,8484.7,460.67,388.27,1196.26,7.55,7.3,19527.65,7190.52,745.22,
HLAA11,E6,MSCCRSSRTR,nb,,1643.51,1031,2308.9,1533.6,1230.97,1127.15,2122.61,3.45,2.75,852.77,737.65,903.98,18
HLAA11,E6,SLYGTTLEQ,nb,,5669.4,13070,2518.8,1994.1,9063.17,10874.65,1804.62,6.9,6.15,5000.69,5167.73,909.87,15
HLAA11,E7,HYNIVTFCCK,nb,,1042.44,1761,1213.5,1212.9,1013.09,1340.18,1728.19,3.3,2.85,961.24,1006.58,986.21,11
HLAA11,E6,CDKCLKFYSK,nb,,5287.81,12019,6893.5,8273.7,10721,11355.63,6978.43,7.9,6.65,1086,4828.92,1057.96,11
HLAA11,E6,KFYSKISEYR,nb,,2366.54,584,1633.4,1605.3,1461.91,927.68,1550.96,3.6,2.55,624.93,622.09,1137.06,9
HLAA11,E6,CIVYRDGNPY,nb,,4175.53,5581,1954,1549.9,5377.61,5470.55,14099.07,5.6,4.4,2863.06,2279.55,1201.51,6
HLAA11,E6,MFQDPQERPRK,nb,,11308.67,3363,9296.4,10202,1757.52,2443.19,7287.08,2.05,1.05,1847.14,16.87,1280.27,
HLAA11,E7,CVQSTHVDIR,nb,,3271.2,3233,2115.8,2449.3,1566.21,2252.76,2010.83,8.3,7.15,8162.63,5699.67,1291.86,20
HLAA11,E6,KISEYRHY,nb,,15027.49,2286,19198.5,17931.7,1679.48,1957.17,5620.54,35.75,35.4,67398.46,72737.77,1522.61,
HLAA11,E6,KCLKFYSK,nb,,6483.71,1728,15933.7,15541.6,1121.95,"1391.91","3272.12",9.05,8.65,12096.23,11213.99,1688.58,
HLAA11,E7,VQSTHVDIR,nb,,3615.85,4855,5839.6,6053.2,4921.35,4883.05,2904.96,4.15,3.45,2182.88,2199.38,1799.22,10
HLAA11,E6V,TTIHEIILE,nb,,6961.16,5687,6278.6,5394.1,13543.45,8758.62,4151.52,3.6,2.8,2825.08,1567.83,1935.72,18
HLAA11,E6,CMSCCRSSRTR,nb,,12933.23,13841,9396.2,8619.7,977.7,3665.8,4676.23,27.8,26.6,9874.16,11670.78,2050.43,
HLAA11,E6,FAFRDLCIVY,nb,,6695.51,4063,5787,4890.6,2976.33,3472.75,2781.92,5.8,4.45,3060.77,2365.1,2111.81,6
HLAA11,E6,TTIHDIILE,nb,,9740.68,6489,6682.6,5708.2,12955.5,9146.01,3725.78,3.7,2.8,2844.66,1553.46,2152.17,18
HLAA11,E7,TTDLYCYEQ,nb,,10163.91,15002,11981.9,10077.9,16057.29,15541.08,4335.14,10.6,9.8,12706.62,12030.95,2173.43,11
HLAA11,E6,TIHDIILECVY,nb,,4811.78,5405,2672.8,3895.1,1040.55,2365.16,"6399.79",39.85,39.45,4926.06,35489.51,2174.71,
HLAA11,E7,TFCCKCDSTLR,nb,,22830.75,8579,20909.8,22933.5,9971.33,9245.51,8853.9,13.15,9.15,670.66,674.68,2175.43,
HLAA11,E6,REVYDFAFR,nb,,13509.78,17314,10984.1,12364.8,10366.82,13429.05,3343.7,10.55,10.15,5943.33,8323.39,2239.2,9
HLAA11,E6,RDGNPYAVCDK,nb,,21483.84,7901,22986.2,23425.8,15751.22,11112.54,7287.08,6.15,5.75,405.04,216.32,2351.04,
HLAA11,E7,STHVDIRTLE,nb,,17396.74,19635,10690.3,8180.6,20654.46,20149.14,24218.04,15.9,15.35,24936.18,18528.92,2351.15,16
HLAA11,E6,KQRHLDKK,nb,,11497.93,4979,18900.6,23657.8,3343.02,4084.68,13356.59,4.15,3.75,3860.56,4071.55,2586.23,
HLAA11,E7,STLRLCVQS,nb,,11216.42,8885,8398.6,7311.6,8634.42,8758.62,3066.45,6.05,5.25,3749.99,3866.34,2592.22,18
HLAA11,E7,ETTDLYCY,nb,,27009.93,7943,27712.1,28056.6,9093.83,8478.89,3380.08,30.3,30.2,23749.26,45788.88,3114.34,
HLAA11,E6,CQKPLCPEEK,nb,,4576.07,2973,4837.6,5449,1259.35,1936.11,"
11355.63",4.55,3.35,2386.88,1201.85,3343.33,13
HLAA11,E7,STLRLCVQSTH,nb,,21889.29,449,8508.4,11210,978.67,663.33,3236.91,13.5,12.2,2757.4,1811.76,3677.28,
HLAA11,E6,IILECVYCKQ,nb,,2186.62,24375,3232.2,1574.5,19167.73,"
21617.22","
12517.05",19.65,18.65,27531.51,52101.47,3679.05,7
HLAA11,E6,GNPYAVCDK,nb,,12577.73,18284,9063.5,5427.2,9189.26,12930.01,6399.79,9.6,8.9,7396.56,7299.62,3810.74,14
HLAA11,E6,VYCKQQLLR,nb,,6611.43,8382,9908.1,8470.8,8972.33,8664.37,2264.98,4.1,3.35,2642.59,2015.12,4227.1,14
HLAA11,E6,KISEYRHYCYS,nb,,11597.26,11997,14596.4,13337.5,5419.25,"
8075.95","
4936.17",22,20.95,699.04,7500.67,4377.16,
HLAA11,E6,GTTLEQQY,nb,,29129.4,9316,28050.6,28459.9,6620.19,7860.43,10874.65,14,13.5,45777.28,9263.18,4644.14,
HLAA11,E6,SEYRHYCYSLY,nb,,20957.16,6186,11630.6,17141.7,4370.99,5210.57,6829.04,30.25,30.05,7735.71,11751.68,4964.47,
HLAA11,E6,KFYSKISEY,nb,,4210.14,4948,4132.4,4277.8,4102.93,4502.45,4106.84,4.35,3.65,2594.36,2373.01,4972.94,3
HLAA11,E6,YSKISEYR,nb,,19078.77,3096,13959.6,10650,1467.81,2134.13,2099.77,6.95,6.75,15404.58,5980.81,5073.77,
HLAA11,E6,KQRFHNIRGR,nb,,12018.69,14503,4445,4249.5,6159.06,9447.76,12930.01,12.25,10.55,15199.52,12046.2,5409.38,9
HLAA11,E7,RTLEDLLMGT,nb,,17957.28,20735,11547.7,10614.7,11107.58,15208.39,3454.02,13,10.6,7274.95,4918.7,5427.74,11
HLAA11,E6,QTTIHDIILE,nb,,25662.12,23215,17922.7,15820.5,28101.96,25564.3,26694.99,29,24.5,27658.59,21971.01,5541.48,17
HLAA11,E6,DKCLKFYSK,nb,,18143.61,19383,27730.4,25328.9,28657.36,23571.74,6399.79,22,19,16789.2,18980.17,5625.1,11
HLAA11,E6,KQRFHNIR,nb,,25255,10718,19892.5,21443.4,4509.81,6978.43,9346.08,22.55,22.45,7720.58,31099.97,5787.75,
HLAA11,E6,NIRGRWTGR,nb,,20180.34,20213,17810.6,14493.5,13249.22,16316.49,3646.02,24,20.5,18622.16,21003.9,5890.52,15
HLAA11,E6,YSLYGTTLEQ,nb,,16898.07,21458,5991.6,4900.2,15327.08,18180.94,9972.95,16.35,15.85,15304.88,19048.03,5990.4,16
HLAA11,E7,VTFCCKCDS,nb,,20534.74,18556,18465.4,15433.2,17410.49,17888.25,2314.53,21.5,18,13122.91,13592.52,6336.41,11
HLAA11,E7,GTLGIVCPI,nb,,11138.54,13790,4368.8,5656.2,7782.06,10357.86,1235.73,7.9,7.1,4830.92,5988.25,6941.08,16
HLAA11,E6,SEYRHYCYS,nb,,25882.7,19890,20096.9,23398.2,27661.77,23444.56,4478.16,29.5,26,10940.32,18548.12,7242.91,3
HLAA11,E6,TGRCMSCCR,nb,,18365.21,18486,14196.3,11664.8,12020,14882.82,4576.12,26,22.5,26244,32307.25,7303.34,8
HLAA11,E6,FYSKISEYR,nb,,11508.38,12364,7323,7460.3,10357.52,11294.36,1453.47,9.1,8.35,7780.9,7367.16,7598.64,8
HLAA11,E6,CLKFYSKISEY,nb,,19570.09,9932,8920.5,7376.9,7205.3,8478.89,27278.95,28.7,28.15,3322.77,10816.83,7637.33,
HLAA11,E7,ETTDLYCYE,nb,,23906.67,19260,16298.1,16807.5,30866.69,24349.41,"
4727.10",27,23.5,23443.91,18806.15,7638.86,12
HLAA11,E6,SKISEYRHYCY,nb,,3460.45,19566,12019.7,7955.9,23661.56,21500.59,37739.56,16.8,16.45,1554.18,4898.92,8211.26,
HLAA11,E6,IRCINCQK,nb,,18778.93,18875,21088.2,16016.2,17465.17,18180.94,20813.9,3.15,3,15763.4,1558.69,8480.58,
HLAA11,E7,RTLEDLLM,nb,,28533.91,8942,25150,25073.4,4759.96,6539.79,3307.72,37.5,37,28883.51,63644.37,8568.43,
HLAA11,E6,KPLCPEEK,nb,,28489.8,12327,32109,29852.7,12098.25,12249.09,5743.49,5.25,5.2,1034.31,458.94,8723.44,
HLAA11,E6,KPLCDLLIR,nb,,16968.61,19683,15102.8,15434.3,15355.72,17410.87,2523.8,8.05,7.6,2301.6,2240.27,8793.07,13
HLAA11,E6,EVYDFAFRD,nb,,22421.45,15320,29166.3,33871.9,30898.43,21852.38,1290.38,17.45,13.95,3048.11,3566.97,10000.99,14
HLAA11,E6,KISEYRHYC,nb,,11647.81,14766,19172.7,20196.7,14166.36,"
14407.49","
2781.92",5.55,4.8,2910.92,2826.83,10281.02,6
HLAA11,E7,TTDLYCYEQLN,nb,,29490.29,9840,32336.7,35658.6,29561.16,17038.15,21970.92,19.1,16.1,1097.74,1104.33,10811.59,
HLAA11,E6,RHYCYSLY,nb,,26264.11,10994,18175.4,20679.4,3180.46,"
5900.97","
7054.34",16.5,16.4,39232.86,18355.24,11030.24,
HLAA11,E6,MSCCRSSRT,nb,,23953.79,18779,27596,22981.7,25498.56,21852.38,7692.16,27.5,24,21282.86,20197.61,11060.57,10
HLAA11,E7,GIVCPICS,nb,,37710.98,18661,36951.7,36529.9,22814.65,20589.91,19295.7,19.35,18.85,1860.59,2191.59,12178.45,
HLAA11,E6,LKFYSKISEYR,nb,,15475.8,12298,12677.9,11847.9,10622.34,"
11417.23","
6062.77",5.35,4.4,1642.48,495.56,13037.33,
HLAA11,E6,CPEEKQRHLDK,nb,,36268.37,18581,35259.3,36149.7,27538.08,22695.78,26407.71,27.55,25.05,1206.42,305.56,13098.68,
HLAA11,E6,TTIHDIILEC,nb,,15893.42,23057,21278.2,20096.2,17149.12,19824.77,4936.17,10.95,10.05,3731.04,5405.68,13869.61,17
HLAA11,E6,YSKISEYRH,nb,,19254,16361,21120.8,23416.7,12001.02,14023,4335.14,21,17.5,17259.57,15146.07,13898.26,10
HLAA11,E6,CVYCKQQL,nb,,39604.52,20488,31864.3,31728.1,18717.67,19611.42,8297.38,23.9,23.4,4108.19,696.24,14035.36,
HLAA11,E7,TLHEYMLDL,nb,,22420.23,18281,22886.7,23311.5,21433.69,19824.77,7366.35,27.5,24,22857.57,26079.54,14281.05,10
HLAA11,E6,TTLEQQYNKP,nb,,709.82,25384,1893.4,1705.9,30884.83,27875.69,12653.21,16.2,15.85,34027.5,37831.19,14394.02,11
HLAA11,E6,KFYSKISEYRH,nb,,25751.96,8713,19655.2,18415.7,9791.43,9245.51,7692.16,18,15,161.25,1671.48,14699.3,
HLAA11,E6,GTTLEQQYNKP,nb,,4733.19,21741,9681.4,6917.7,37342.98,28485.48,43911.91,13.85,13.45,782.53,3673.67,14846.62,
HLAA11,E6,TIHDIILEC,nb,,17265.29,18314,24875.3,27744.8,22614.65,20368.33,4625.9,11.3,10.85,5483.15,6043.66,14935.35,14
HLAA11,E6,DIILECVYCKQ,nb,,12219.31,7740,25455,17383.4,40060.27,17695.75,50000,13.6,12.45,1642.48,3236.68,15002.46,
HLAA11,E6,SCCRSSRTR,nb,,26662.08,19672,24145.6,18883.7,24619.36,22090.1,8387.64,35.5,32,29924.71,37264.9,15485.85,11
HLAA11,E7,RLCVQSTHVD,nb,,31502.68,27490,38873.9,36665.7,38338.6,32434.8,26123.53,51,47.5,89707.76,165519.82,16439.93,8
HLAA11,E7,IVCPICSQKP,nb,,2205.49,27040,4960.7,2826.4,33582.61,30068.96,22942.68,31.15,30.15,198989.43,216197.17,16508.53,11
HLAA11,E6,PLCPEEKQR,nb,,32709.34,23219,37176.6,36829.9,32554.68,27426.93,13648.77,51.5,48.5,97281.44,81339.22,16598.38,15
HLAA11,E6,KLPQLCTE,nb,,41573.79,23226,38757.1,38181.5,36609.96,29108.61,50000,80.5,80,143763.95,296319.34,16633.42,
HLAA11,E6,TTLEQQYNKPL,nb,,7924.39,21009,14604.8,16816,16392.01,18578.65,6610.93,9.45,8.95,1597.72,2084.97,16751.87,
HLAA11,E6,CDKCLKFY,nb,,38207.54,21756,36761,37950.8,30933.6,25982.58,50000,19.35,18.85,10535.38,636.44,19011.57,
HLAA11,E6,VCDKCLKFY,nb,,30699.49,22591,27151.7,27717.5,21306.53,"
21970.92","
32787.64",54,51,130325.68,176319.36,19430.47,0
HLAA11,E7,AGQAEPDRA,nb,,32897.81,21926,40700.5,41723.4,43041.7,30726.73,50000,62,59,310477.41,299433.23,19487.66,5
HLAA11,E7,GIVCPICSQKP,nb,,7427.01,24720,9779,5977.6,36023.23,29906.73,50000,33.45,32.95,1518.8,19683.39,19797.42,
HLAA11,E7,SSEEEDEIDG,nb,,42990.49,29440,45398.5,46388.6,45070.54,36337.11,50000,69,66,109352.82,85871.69,21625.9,17
HLAA11,E6,HYCYSLYGTTL,nb,,37470.21,25551,32541.3,36003.3,32210.98,28640,41599.44,73,70.5,45761.47,62244.36,22095,
HLAA11,E6V,CTELQTTIHEI,nb,,32013.96,16635,32405.7,32670.1,25839.24,20701.6,24218.04,20.8,17.8,1894.52,711.38,22159.73,
HLAA11,E6,FRDLCIVY,nb,,36720.08,22894,37299.5,37092.6,28083.3,25426.37,50000,48.5,48,234234.04,69304.27,22575.33,
HLAA11,E6,DGNPYAVCDKC,nb,,36277,26843,40097.4,40538.8,46010.98,"
35176.57","
50000.00",60.5,58,6569.01,24496.27,22644.89,
HLAA11,E6,CTELQTTIHDI,nb,,35050.81,20321,35188.4,35925.5,29034.18,24349.41,33504.88,27.75,25.25,1847.14,1164.39,22798.71,
HLAA11,E7,PAGQAEPDRA,nb,,41496.95,30039,44968.7,46355.4,46426.72,"
37333.42","
50000.00",79.5,76.5,820030.49,482891.99,23063.43,1
HLAA11,E6,AFRDLCIVYRD,nb,,27977.82,12086,26498.4,26639.9,38835.12,21734.48,50000,14.5,11.5,416.39,397.28,23324.82,
HLAA11,E7,DEIDGPAG,nb,,46217.22,23914,47382.8,48003.1,47891.96,33869.37,50000,74,73.5,158361.64,41281.93,27792.66,
HLAA24,E6V,YCYSVYGTTL,0.08,0.11,188.07,5938,297.6,304.7,12414.89,8571.13,4936.17,2.3,2,1488.16,1913.02,4369,10
HLAA24,E6,HYCYSLYGTTL,0.1,0.03,1870.83,496,782.9,649.2,503.28,500.68,902.93,11.3,13.45,2075.44,6502.49,357.75,
HLAA24,E6,CYSLYGTTL,0.1,0.04,107.4,113,204.6,189.4,285.62,180.1,476.88,0.75,0.6,654.58,577.6,79.41,20
HLAA24,E6,VYDFAFRDL,0.1,0.04,1877.15,769,725.6,967.3,595.69,677.84,1145.59,1.65,1.55,1306.05,1029.51,884.07,23
HLAA24,E7V,TFCCKCDFTL,0.11,0.17,1906.9,1649,2337.7,1735.1,1390.3,1517.76,1946.61,2.8,2.15,1398.46,2102.42,690.51,18
HLAA24,E7,RAHYNIVTF,0.15,0.07,763.13,1699,1104.2,909.6,333.78,751.22,"1517.76",1.8,1.45,2013.54,1646.76,769.97,10
HLAA24,E6V,CYSVYGTTL,0.24,0.04,142.25,120,184,206.1,303.66,191.14,482.07,0.85,0.6,642.63,585.64,85.36,20
HLAA24,E6,EYRHYCYSL,0.32,0.1,856.46,807,532.3,573.3,352.3,534.26,418.82,1.3,0.95,853.02,999.15,204.91,19
HLAA24,E6,VYDFAFRDLCI,0.4,0.29,2480.67,189,2073.9,2621.4,365.22,263.01,1391.91,5.4,7.45,7908.79,3927.17,648.37,
HLAA24,E6,PYAVCDKCLKF,0.48,0.21,1976.58,236,1843.7,3417.5,385.61,301.1,893.21,3.05,5.2,670.05,2729.48,83.28,
HLAA24,E6,QYNKPLCDLL,0.54,0.24,2234.58,1042,535.8,614.1,517.12,731.18,1469.28,1.85,1.2,819.69,1095.77,328.57,23
HLAA24,E6,QYNKPLCDLLI,0.56,0.08,2768.8,449,1162.3,1659.7,150.55,260.18,912.75,19.9,21.95,7693.25,10966.8,134.75,
HLAA24,E7,TFCCKCDSTL,0.58,0.55,9077.1,5078,8383.4,5243,4107.93,4576.12,"3725.78",4.4,3.55,3472.56,4939.92,3332.18,17
HLAA24,E6V,VYGTTLEQQY,0.68,0.05,6614.94,7372,8380.9,8525.7,3112.66,4778.52,3033.45,2.7,1.95,1491.59,1895.48,1629.77,12
HLAA24,E6,KLPQLCTEL,0.83,0.07,11100.88,13344,6747.1,6113,8994.68,10933.64,2314.53,8.4,7.65,8278.66,8843.62,1551.37,13
HLAA24,E6,VYRDGNPYAV,0.95,0.39,3259.54,2003,2111,1933.7,1596.56,1794.89,1347.45,1.7,1.05,825.37,919.86,402.34,13
HLAA24,E7V,TFCCKCDF,1.03,0.41,18964.54,7402,16431.1,11201.1,2217.97,4040.73,1276.5,10.2,11.1,5771.78,7518.65,2718.7,
HLAA24,E6V,VYRDGNPYGV,1.06,,4789.24,2905,3668.2,3728.7,2450.27,2664.09,1602.13,2.3,1.65,1376.1,1544.26,679.23,13
HLAA24,E6,YAVCDKCLKF,1.09,0.3,12914.62,9223,7692.7,7763.1,7290.6,8208.09,4727.1,4.6,4.2,4705.98,3004.14,4306.47,12
HLAA24,E7,DRAHYNIVTF,1.32,0.35,6105.89,11562,12097.2,11145,18181.1,14564.23,12382.34,3.55,2.85,3644.6,3355.21,2428.81,11
HLAA24,E6,LQTTIHDII,1.42,0.23,11192.05,10542,12843.3,14956.4,14228.1,12249.09,5620.54,6.4,5.65,5807.11,6586.13,7615.05,12
HLAA24,E6,EYRHYCYSLY,1.59,0.41,6231.43,3583,7218.3,7319.8,5262.54,4335.14,4526.88,2.15,1.45,1080.56,1329.6,703.27,11
HLAA24,E6V,LQTTIHEII,1.65,0.37,7819.96,5961,11328.9,12345.4,10228.33,7775.84,5382.48,"
4.60",4.3,4073.43,4504.33,5914.3,13
HLAA24,E6,PYAVCDKCL,1.97,0.77,9731.41,3772,7066.2,5470.3,5883.69,4701.59,3272.12,3.15,2.8,3372.56,2469.62,1090.7,20
HLAA24,E7,AHYNIVTF,2.41,0.76,12213.63,4182,10388.4,7995.6,1684.33,2664.09,2873.7,42.65,44.6,53494.61,140650.09,535.05,
HLAA24,E6,QYNKPLCDL,2.97,0.67,5603.48,4509,3321.2,2279.1,1868.64,2904.96,1017.05,3.05,2.8,2182.53,2475.31,774.42,21
HLAA24,E6,DFAFRDLCI,3.27,0.99,5299.67,2280,8358.8,6895.2,7359.02,4106.84,3202.08,2.05,1.8,1940.71,1363.42,2321.96,17
HLAA24,E6,YSLYGTTL,3.36,1.09,5320.23,17026,10801.2,9147.3,7312.73,11112.54,4936.17,40.85,43.1,86558.56,120542.45,7199.27,
HLAA24,E6,FYSKISEY,3.36,2.28,17137.81,7035,12705.1,12309.7,1130.79,2827.44,3606.79,16.85,18.1,10972.61,18161.01,2205.4,
HLAA24,E6,VYCKQQLL,3.51,1.64,1910.18,2178,3318.8,2262.2,266.81,759.4,1158.05,6.2,8.45,14699.75,3991.54,52.27,
HLAA24,E6,LLRREVYDFAF,3.84,0.77,23189.5,7208,14267.3,18252.3,3850.37,5267.25,3646.02,5.85,5.65,1556.36,1387.01,2027.96,
HLAA24,E6,VYDFAFRDLC,4.3,0.37,7810.15,14614,5872.8,6027.3,7541.24,10470.53,4625.9,1.65,0.85,581.63,720.64,3261.54,14
HLAA24,E6,EVYDFAFRDL,4.75,0.58,10889.37,26900,7300.7,7778.9,26976.19,26985.39,20813.9,14.7,13.9,25980.65,33862.58,10584.93,12
HLAA24,E6,FYSKISEYRH,4.76,0.6,4653.72,9583,19539.6,17447.3,6083.44,7609.38,5210.57,1.1,0.45,817.81,359.52,2557.61,11
HLAA24,E6,LYGTTLEQQY,5.63,3.15,10662.6,9201,11002.8,9536.2,3569.5,"5743.49","3529.57",3.3,2.5,1673.59,2315.9,1941.52,10
HLAA24,E7,PDRAHYNIVTF,5.75,4.3,20603.06,17668,20625.1,25909.9,18063.75,17888.25,18082.85,14.35,14.1,1500.06,6110.55,7037.56,
HLAA24,E7,HYNIVTFCC,6.06,2.7,3700.51,6548,7451.3,5297.5,6494.45,6504.5,579.42,1.85,1.6,586.08,1098.07,883.26,12
HLAA24,E6,CYSLYGTTLE,6.87,1.89,1124.93,7385,5860.6,3660.3,15918.01,10815.98,5044.15,0.8,0.4,414.62,318.95,1459.69,12
HLAA24,E6,KCLKFYSKI,7.5,2.33,2341.86,2669,17530.9,14133.4,3486.68,3049.9,1654.99,2.5,2.3,1370.76,1998.16,699.13,16
HLAA24,E6,LECVYCKQQL,8.13,0.64,37771,33156,37065.8,38821.8,36027.44,34610.27,49461.93,38,36,32184.74,35214.38,10864.99,10
HLAA24,E6V,EYRHYCYSV,8.64,0.72,3061.48,2457,1399.4,1604.4,1621.99,1999.98,963.49,2.9,2.7,1853.36,2385.78,518.39,9
HLAA24,E6,FYSKISEYRHY,10.6,1.96,14075.75,2765,8762.6,11705.4,1544.02,2065.97,3890.57,12.55,13.45,9018,6517.48,2915.09,
HLAA24,E6,PYAVCDKCLK,10.93,1.4,26543.21,17628,27683.3,25168.5,25705.06,21384.59,20368.33,13.75,11.75,4494.18,2441.86,6885.73,12
HLAA24,E6,YDFAFRDLCI,11.01,0.86,2956.78,17550,4657.9,2877.7,6758.99,10874.65,14252.45,3.35,2.7,3619.51,3024.96,12352.42,10
HLAA24,E6,SEYRHYCYSL,11.98,1.32,825.17,14977,743.8,480.4,8303.68,11172.82,11857.88,5.35,5,5353.65,8684,4777.4,10
HLAA24,E7,HYNIVTFC,16.51,1.47,23030.23,7863,21160.9,22350,7787.18,7818.02,"
2289.62",9.65,9.6,1325.29,5677.28,4943.44,
HLAA24,E6,VYCKQQLLRR,22.28,2.19,13917.2,10568,28044.8,25203.4,16489.97,13141.57,11355.63,3.65,3.15,3553.45,1311.35,3204.13,13
HLAA24,E6,REVYDFAF,23.27,1.19,23691.66,7169,23029.5,18654.2,9647.35,8297.38,3766.31,7.45,7.4,5073.53,3034.87,1850.05,
HLAA24,E6,RFHNIRGRW,23.93,3.24,2159.47,2788,1703.5,1124.3,621.31,1311.49,1121.07,2.25,2.05,2103.58,1716.45,353.94,6
HLAA24,E6,KKQRFHNIR,28.64,3.18,35997.06,29829,38575.1,36419,37407.02,33324.12,50000,35.5,34,28181.23,31378.34,18840.46,2
HLAA24,E7V,DLYCYEQF,29.23,2.92,24389.75,14260,20680.1,23229.4,7056.45,10027.04,5099.03,25.1,25.05,23513.11,30001.29,2811.26,
HLAA24,E6,DKKQRFHN,31.27,15.48,46949.54,40157,48607.3,48873.6,48881.18,44389.61,50000,67,66.5,33675.19,34287.83,25047.34,
HLAA24,E6V,VYGTTLEQ,31.98,16.05,25902.87,7583,32849.8,34570.6,10002.02,8711.37,5044.15,3.9,3.85,1122.82,59.18,3435.62,
HLAA24,E6,KFYSKISEYRH,32,4.31,19160.27,22292,34292.3,32363.3,19059.37,20589.91,9865.62,18.65,18.4,4074.83,8671.22,8006.41,
HLAA24,E6V,CYSVYGTTLE,32.71,2.44,1649.91,8585,6458.2,4245.8,16615.64,11922.2,5099.03,0.9,0.4,394.14,323.39,1569.78,12
HLAA24,E7,LCVQSTHVDI,34.74,11.56,21248.51,25625,32844.5,34208.2,26981.39,26265.23,10301.97,25,25.5,36783.24,42728.73,9468.02,11
HLAA24,E6,YCYSLYGTTLE,36.66,4.08,2313.58,30606,9765.9,7610.9,39763.16,34986.78,24218.04,13.85,15.95,5598.99,7534.94,16139.76,
HLAA24,E6V,YSVYGTTL,37.88,0.91,7091.69,20039,11347,11241.5,14991.88,17316.93,9654.43,23.85,26.1,95567.45,32971.6,8065.3,
HLAA24,E6,KFYSKISEY,41.7,23.44,14960.64,14099,5643.9,4220.1,4664.05,8119.76,3343.7,10.7,10.05,11039.77,11006.01,4293.8,9
HLAA24,E6,VYCKQQLLR,46.4,5.14,6744.89,4118,20124.1,17707,15601.9,7989.04,4625.9,2.3,2.05,1523.91,1724.37,1776.11,15
HLAA24,E6,KKQRFHNI,46.84,2.41,24111.62,13730,29623,30641.7,9434.48,11417.23,14722.66,23.5,23.45,12368.3,26190.27,3941.4,
HLAA24,E6,DKKQRFHNI,55.95,3.54,25336.02,24382,38729.5,39079.2,38875.99,30893.41,41151.77,18,16,13644.57,11056.81,8260.2,11
HLAA24,E6,HLDKKQRFHNI,60.8,1.43,35114.98,16930,30329.4,35515.4,17356.98,17130.58,24218.04,42,40.5,19638.58,15598.4,10190.35,
HLAA24,E6V,SEYRHYCYSVY,63.32,8.71,18431.5,28728,22981.4,18168.5,30609.88,29745.37,"50000.00",26.4,26.15,9956.58,13616.95,12711.6,
HLAA24,E7,VQSTHVDI,84.61,2.96,29711.28,15729,33855.8,33737.3,15103.71,15373.84,8032.38,16.5,16,46591.85,10426.53,7667.77,
HLAA24,E6,YCYSLYGTTL,nb,,134.87,5738,342.4,268.9,13312.01,8758.62,5099.03,1.8,1.6,1218.01,1457.87,4045,10
HLAA24,E6V,HYCYSVYGTTL,nb,,2449.54,459,795.7,667.6,600.56,525.66,864.68,6.9,8.95,1671.51,4376.03,428.44,
HLAA24,E6,RHLDKKQRF,nb,,2766.13,1862,9996.1,5098.1,10834.6,4502.45,1222.43,2.05,1.85,1509.94,1388.77,624.15,14
HLAA24,E6,ISEYRHYCYSL,nb,,3113.45,13390,2355.4,2833.5,12136.87,12721.85,11986.87,33.9,35.95,11860.69,22702.83,8899.1,
HLAA24,E7V,TDLYCYEQF,nb,,3241.92,4913,11618.9,10715.7,3811.28,4335.14,1709.59,2.15,1.95,1584.75,1533.31,2108.83,14
HLAA24,E6V,SEYRHYCYSV,nb,,3325.44,25053,2607.7,1674.2,13277.75,18180.94,27278.95,15.2,14.55,21659.58,36284.4,8284.21,0
HLAA24,E6,RWTGRCMSC,nb,,4275.6,14865,11769.2,8183.3,12458.27,13648.77,1709.59,4.25,4,2004.29,4060.97,1252.13,1
HLAA24,E7V,TTDLYCYEQF,nb,,4300.61,9903,5930.5,5744.2,3968.41,6262.79,5044.15,4,3.35,3211.07,4322.35,2204.5,12
HLAA24,E6,LLRREVYDF,nb,,4528.35,7209,5067.4,3267.6,4034.87,5382.48,2122.61,3.8,3.55,3280.65,3464.42,1643.47,10
HLAA24,E6,QLLRREVYDF,nb,,6034.56,7442,9138.2,8433.7,3288.66,4936.17,"
3236.91",3.15,2.45,1856.31,2628.57,1310.3,13
HLAA24,E6,FYSKISEYR,nb,,7663.92,3686,9577.7,9771.4,4155.92,3911.67,4625.9,2.6,2.3,2093.92,1979.84,2517.17,13
HLAA24,E7V,LYCYEQFND,nb,,8080.14,16105,23406,25552.4,25673.51,20258.44,1318.61,1.9,1.6,1694.18,1105.68,1736.57,11
HLAA24,E6V,HYCYSVYGTT,nb,,8439.99,11811,13982.9,14146.9,14400.79,13070.67,3646.02,7.85,7.05,5870.16,13053.29,3959.53,10
HLAA24,E6,LRREVYDFAF,nb,,9032.62,12546,13888.3,15282.3,15575.9,13947.35,5267.25,2.8,1.95,1873.48,1895.48,3396.45,12
HLAA24,E6,HYCYSLYGTT,nb,,9117.55,13239,13727.3,13921.3,13998.52,13575.13,3848.7,8.9,8.05,7172.16,16661.73,4160.42,10
HLAA24,E6,SEYRHYCYSLY,nb,,9611.69,24433,16609.5,10564.2,22661.06,23571.74,50000,18.55,20.45,10306.47,10140.98,10111.37,
HLAA24,E6,RWTGRCMSCC,nb,,9956.13,15827,17842.8,12646.1,16822.31,16316.49,6682.85,2.65,1.8,1131.49,1673.86,2327.51,0
HLAA24,E6V,EYRHYCYSVY,nb,,10240.96,4655,11271.3,11142.3,9521.64,6682.85,4936.17,2.3,1.45,960.84,1223.83,1110.62,9
HLAA24,E6V,VYGTTLEQQ,nb,,10684.19,9604,24869.1,28208.5,11957.08,10757.62,2781.92,2.75,2.2,2785.86,1869.09,3000.44,13
HLAA24,E7,EYMLDLQPE,nb,,13459.45,10614,25762.3,24906,23464.61,15795.37,2607.06,5.45,4.65,3333.96,3851.5,2627.74,10
HLAA24,E6,LYGTTLEQQ,nb,,14067.07,10130,26818,28990.4,13416.7,11604.04,3236.91,4.2,3.6,3372.56,2126.33,3472.18,11
HLAA24,E6,QQYNKPLCDL,nb,,14362.04,25657,11155.1,8431.5,22418.25,23957.42,24218.04,20.95,20.45,38339.81,51135.2,14481.13,10
HLAA24,E6,REVYDFAFRDL,nb,,14573.68,25290,6586.4,8446.6,25531.35,25426.37,30068.96,21.75,22.45,12221.09,11352.2,11115.58,
HLAA24,E6,YDFAFRDLCIV,nb,,16421.16,31557,26267.5,21789.1,19150.98,24481.5,40270.83,24.75,24.95,18928.23,13185,18867.04,
HLAA24,E7,HYNIVTFCCK,nb,,16645.29,11946,12502.3,11611.8,13069.91,12517.05,5099.03,6.7,6.2,4136.66,3773.29,8949.5,11
HLAA24,E6V,HYCYSVYGT,nb,,18141.84,18075,14350.7,13020.8,19693.92,18882.64,1318.61,10.5,10,5860.84,8084.07,5786.84,11
HLAA24,E6,NPYAVCDKCL,nb,,18381.11,36136,15642.6,10467.5,36642.49,36337.11,50000,35.9,35.65,166207.26,127561.61,19232.44,10
HLAA24,E6V,CYSVYGTT,nb,,18438.07,12605,27336.6,26634.4,8493.17,"10357.86","4676.23",12.6,13.6,13222.39,10644.86,2701.21,
HLAA24,E6,QQLLRREVYDF,nb,,18489.62,3737,13841.1,13218.7,3234.72,3472.75,4242.33,21.9,21.65,3034.66,10425.09,2628.6,
HLAA24,E7V,LYCYEQFNDS,nb,,18525.86,17546,25488.3,29358.2,22678.47,19932.31,6903.33,7.25,7,7900.42,3417.59,6066.95,11
HLAA24,E6,DFAFRDLCIV,nb,,20730.97,19913,20285.9,19689.7,18672.12,19295.7,19932.31,23.5,24.5,40239.26,38169.81,7285.6,6
HLAA24,E7,EYMLDLQPET,nb,,21242.99,15043,25809.7,27655.5,19674.51,17223.5,5681.68,12.95,13.45,9719.64,6247.7,4744.62,10
HLAA24,E6,EVYDFAFRDLC,nb,,22725.03,39872,25415.6,24585.8,39680.01,39837.46,37739.56,47.75,47.55,15385.44,41027.97,20922.27,
HLAA24,E6,RCINCQKPL,nb,,23544.46,22414,37655.9,37134.8,26694.12,24481.5,8571.13,23,21,22027.24,24469.78,10265.64,12
HLAA24,E7V,CYEQFNDSS,nb,,23616.16,27069,28993.6,27365.9,22685.48,24747.82,5932.98,19,17,18662.08,14984.08,6991.58,10
HLAA24,E7,VDIRTLEDLL,nb,,23643.51,28546,31901.9,30708.1,17686.56,22451.54,34237.82,21,20,19171.23,22999.59,16245.34,16
HLAA24,E6,LDKKQRFHNI,nb,,24254.75,26354,33720.9,39331.7,22183.51,24218.04,31740.46,18.5,17.5,25683.25,15802.29,10760.48,11
HLAA24,E7,CYEQLNDSS,nb,,25011.36,28364,31256.9,31067.7,25891.38,27131.77,6469.41,21.5,19.5,23821,17932.05,7807.1,10
HLAA24,E7,VDIRTLEDL,nb,,26183.23,25706,32842.3,31430.5,23060.9,24349.41,"
19295.70",23.5,21.5,25642.48,22575.12,14396.49,15
HLAA24,E7,LYCYEQLNDS,nb,,26307.61,21157,30784.3,33078.8,26731.02,23828.16,10527.33,15,13,12754.11,4883.37,7872.07,10
HLAA24,E7,RTLEDLLMGTL,nb,,26563.04,7563,19335.6,23833.8,6693.26,7092.61,4288.48,36.5,35,20706.66,17461.44,7132.36,
HLAA24,E7,EYMLDLQPETT,nb,,26569.63,4960,29578.5,33132.1,12871.94,7989.04,5620.54,25,23.5,18540.01,9206.19,2314.19,
HLAA24,E7V,CYEQLSDSSE,nb,,26822.96,27718,32606.9,33222.2,32325.66,29906.73,11857.88,14,12,1639.27,1998.57,8763.26,10
HLAA24,E6,IVYRDGNPYA,nb,,27617.81,36911,29113,30398.7,37469.34,37132,44389.61,17.1,15.1,10014.98,7811.24,14403.73,0
HLAA24,E7,CYEQLNDSSE,nb,,27771.52,28748,33039.4,33221.5,30775.53,29745.37,12117.27,14.8,12.8,1930.41,2475.83,10510.65,10
HLAA24,E7,TLEDLLMGTL,nb,,28965.04,29750,28756.1,30399.7,22660.04,25982.58,15710.15,31.5,29.5,41845.62,49172.24,11968.23,12
HLAA24,E7,TFCCKCDSTLR,nb,,29078.7,19569,32333.2,26034.1,27384.08,23067.13,26407.71,21.5,20,4700.13,6383.81,16550.59,
HLAA24,E6,LYGTTLEQ,nb,,29647.06,10217,35137.4,35253.5,11432.48,10815.98,5869.13,6.5,6,1251.15,153.87,3971.81,
HLAA24,E6,EQQYNKPLCDL,nb,,30403.97,28837,23577.6,24508,29711.98,29266.51,31740.46,50,48.5,10522.28,30625.28,18047.05,
HLAA24,E7,LLMGTLGIVC,nb,,31101.01,35423,38467.6,41830.1,37725.19,36534.22,16053.81,20.5,18.5,3644.6,8886.28,8535.89,0
HLAA24,E6,ECVYCKQQLLR,nb,,31379.52,39352,37341.5,38119.6,43552.62,41375,50000,33,31.5,9729.94,12024.86,25523.9,
HLAA24,E6,DFAFRDLCIVY,nb,,33255.32,18144,32030.6,33777.9,24871.66,21154.46,25842.4,32,30.5,948.66,10048.01,13382.55,
HLAA24,E7V,CYEQLSDSSEE,nb,,34615.53,23322,38610.2,39947.1,32371.97,27575.71,10992.95,26,24.5,4887.76,6138.75,12393.76,
HLAA24,E6,GNPYAVCDKCL,nb,,34978.46,35991,27740.6,26546.4,34796.57,35367.39,33144.32,39.5,38,15563.6,14291.57,16938.86,
HLAA24,E7,CDSTLRLCV,nb,,35314.62,34576,34181.2,37420.4,29047.89,31740.46,50000,41.5,40,90564.92,58834.22,17019.07,0
HLAA24,E7,LMGTLGIV,nb,,36256.61,26354,37667.8,38662,26576.25,26550.96,17130.58,13.1,12.6,3275.74,571.66,9287.57,
HLAA24,E6,CLKFYSKISEY,nb,,37524.57,35096,23225.4,24856.2,26618.12,"30560.95","50000.00",45,43.5,11223.03,15779.02,26914.98,
HLAA24,E7,LCVQSTHVDIR,nb,,37951.25,38141,42730.3,44114.8,42412.82,40270.83,50000,29.5,28,10644.13,5944.02,23082.2,
HLAA24,E6,RDGNPYAV,nb,,38037.99,18403,38618.6,39114.4,19560.23,18985.07,25564.3,12.7,12.2,586.56,109.43,10139.28,
HLAA24,E6,KKQRFHNIRG,nb,,39485.14,40557,40204.7,40321,44253.91,42509.45,50000,55,53,101076.45,98564.38,18274.05,1
HLAA24,E6,DPQERPRKL,nb,,40129.47,34851,44371.8,45927.6,45152.05,39837.46,50000,51.5,50,105186.5,62897.01,18731.67,16
HLAA24,E6,TTLEQQYNK,nb,,40785.63,28244,33753.8,39058.5,39152.89,33144.32,12249.09,53,51.5,72603.91,61323.93,22379.83,5
HLAA24,E6,KKQRFHNIRGR,nb,,44708.21,37019,42682.7,42717.4,41857.24,39408.75,50000,78,76.5,51063.43,35406.26,25756.12,
HLAB7,E6,LIRCINCQKPL,0.15,0.06,10601.75,750,4560.3,3064.8,236.19,421.09,1567.83,31.4,31.25,26888.09,49182.43,1945.39,
HLAB7,E6,RPRKLPQL,0.2,0.06,35.29,45,15.2,44.2,4.83,14.79,116.83,0.65,0.6,400.53,285.77,7.59,
HLAB7,E6,RSSRTRRETQL,0.32,0.16,13278.06,3233,9899.3,8041.6,1635.06,2302.04,4778.52,31.9,31.25,15016.2,49069.32,3295.02,
HLAB7,E6,RGRWTGRCM,0.35,0.1,167.14,682,737.1,544.1,722.77,700.21,461.65,0.6,0.6,236.13,293.69,88.24,10
HLAB7,E6,RPRKLPQLC,0.41,0.28,286.03,131,70.6,99.6,309.67,201.76,309.35,1,1,424.78,583.3,57.27,14
HLAB7,E6,RPRKLPQLCT,0.5,0.18,170.01,80,414.4,496.2,78.53,79.14,585.72,1.5,1.35,199.36,638,62.08,22
HLAB7,E6,LPQLCTELQT,0.64,0.52,3060.98,5373,5643.8,4632,3230.81,4174.04,1584.89,24.25,24.75,14276.77,24935.61,2063.85,18
HLAB7,E6,RPRKLPQLCTE,0.68,0.25,3632.24,1025,4260.3,5681.8,446.54,677.84,573.19,1.1,1.3,3528.26,87.66,304.66,
HLAB7,E6V,RPTKLPQLCTE,0.69,0.37,16555.67,14182,17526.2,14472.6,4407.8,7945.94,1765.99,2.75,2.1,4441.81,87.66,2877.32,
HLAB7,E7,TPTLHEYM,0.71,0.48,6866.75,509,5514.7,6604.3,858.87,659.75,605.05,"
0.55",0.45,162.42,42.37,1465.15,
HLAB7,E6,RTRRETQL,1.14,0.48,4306.76,2161,2410.3,3895.8,358.17,883.6,2339.71,17.9,17.85,27902.3,16596.25,302.29,
HLAB7,E6,LPQLCTEL,1.3,0.43,591.45,192,404.8,426.7,45.73,93.59,233.5,0.75,0.7,720.51,333.43,285.2,
HLAB7,E6,DPQERPRKL,3.94,1.82,6673.02,5180,8586.4,6430.7,3665.68,4335.14,236.04,1.5,1.5,1084.33,922.34,4447.92,20
HLAB7,E7,TPTLHEYML,4.5,3.3,521.93,921,481.8,505.2,487.21,670.55,371.82,1.7,1.7,566.45,394.36,118.07,20
HLAB7,E7,RAHYNIVTF,4.65,2.28,2595.16,2136,1073.9,1801.2,1100.36,1534.27,1453.47,3.8,3.8,1132.82,1255.71,1032.02,9
HLAB7,E6,RCMSCCRSSR,4.72,5.4,26769.32,19179,23567.9,25546,27682.83,22942.68,23444.56,15.25,12.25,666.24,649.86,8606.03,3
HLAB7,E6,CPEEKQRHL,5.9,3.9,2463.79,3283,1528.5,893.3,723.49,1542.59,274.64,2.5,2.5,811.26,691.66,1394.27,20
HLAB7,E6,LEQQYNKPL,14.86,2.04,16353.78,17963,14910.4,13788.5,22381.21,20040.43,2873.7,16,16,8244.42,11611.54,6259.89,11
HLAB7,E6,KPLCDLLIRCI,16.12,10.66,12509.87,2000,7330.3,6869.7,1252.57,1584.89,666.93,4.65,4.2,4482.91,3817.77,801.24,
HLAB7,E7,EPDRAHYNIV,18.36,13.23,1084.14,4462,2782.2,2351.6,3279.38,3827.94,1362.11,1.75,1.45,1308.07,686.78,6278.32,18
HLAB7,E6,IVYRDGNPYAV,20.28,10.18,29570.16,5251,26763.8,26980.1,4552.57,4909.54,9047.59,24.5,23,4566.25,16703.6,7479.56,
HLAB7,E7,LMGTLGIVCPI,21.78,29.3,34058.26,18547,29390.6,30686.5,15998.52,"17223.50","18478.42",18.05,16.55,11791.25,1516.39,14797.74,
HLAB7,E7,LLMGTLGI,22.7,11.69,21899.96,16001,24323.3,29522.5,11223.61,13429.05,5044.15,3.65,3.5,3196.24,279.26,9659.48,
HLAB7,E6,KPLCDLLI,35.23,12.6,8852.66,642,5417.9,6518.4,1845.96,1091.15,743.14,0.85,0.7,239.68,167.11,1815.34,
HLAB7,E6,NIRGRWTGRCM,54.83,5.62,12157.85,1451,10710.7,12004.9,532.79,878.83,1422.36,49.2,48.75,41644.73,213211.19,1904.03,
HLAB7,E6,NPYAVCDKCL,nb,,3554.75,3032,2857.8,2833.6,548,1290.38,645.63,4.1,4.6,1681.24,1773.45,1510.46,21
HLAB7,E6,RGRWTGRCMS,nb,,4481.8,13789,14620.9,14414.8,15607.81,14643.23,14407.49,1.7,2.15,623.2,430.35,835.72,4
HLAB7,E6V,DPQERPTKL,nb,,7596.38,6571,6522.9,5652.5,3912.52,5071.52,280.65,4,4,1578.19,1345.52,4980.03,21
HLAB7,E6,LPQLCTELQ,nb,,8416.83,17659,16362.1,11909.2,15276.01,16404.99,1017.05,4.7,4.7,2938.73,1836.07,5938.42,11
HLAB7,E7,GPAGQAEPD,nb,,10408.18,19898,22758.7,18549.3,23089.86,21500.59,1109,19,19,7164.07,16822.48,5409.35,14
HLAB7,E6,RCINCQKPL,nb,,10881.59,13630,10020.6,5829.8,4578.4,7903.07,3380.08,12,12,4843.51,6307.98,3948.63,12
HLAB7,E6,QERPRKLPQL,nb,,11031.67,17593,13331.6,13746.6,16499.91,17038.15,6469.41,21.85,21.75,5869.89,19400.82,10893.47,14
HLAB7,E6,LPQLCTELQTT,nb,,11799.65,4094,12514.7,11770.8,3141.51,3587.33,"
1567.83",10.65,10.25,14143.6,10346.89,4419.94,
HLAB7,E7,EPDRAHYNIVT,nb,,15185.21,14656,22448.4,19907.1,9876.63,12051.9,2443.19,2.6,1.85,639.09,474.03,6608.31,
HLAB7,E7,PTLHEYML,nb,,15643.15,25868,22197.4,17190.9,40591.84,32434.8,50000,38.85,38.6,104145.38,128236.01,22646.93,
HLAB7,E6,CPEEKQRHLD,nb,,16925.88,11329,24313.9,16453.5,31074.49,18780.76,4526.88,4.4,4,1232.05,313.2,11977.6,11
HLAB7,E6,RKLPQLCTEL,nb,,17333.23,12454,20343.7,18396,8347.34,10246.39,10641.85,4.95,4.55,1414.59,475.14,9298.52,13
HLAB7,E6,FAFRDLCIV,nb,,19884.92,21410,17280.1,19560.4,21764.13,21617.22,4883.05,36,36,75711.18,70289.43,15649.35,6
HLAB7,E6,NPYAVCDKCLK,nb,,19959.5,23132,23421.5,20022.7,18483.48,20701.6,6978.43,"
4.05",3.55,1813.68,285.63,9321.03,
HLAB7,E6V,YCYSVYGTTL,nb,,20272.25,9222,15299.3,18450.2,9897.32,9550.53,3133.53,10.7,7.2,766.71,616.34,4962.29,11
HLAB7,E6,YCYSLYGTTL,nb,,20702.04,11320,15840.7,18704.3,9159.69,10191.11,3380.08,10.7,7.2,888.44,619.18,4906.72,11
HLAB7,E6,SEYRHYCYSL,nb,,23377.94,13200,13971.8,16944.8,16284.5,14643.23,12790.86,14.55,11.55,2054.14,1922.29,11601.69,10
HLAB7,E6,YSLYGTTL,nb,,23550.32,11859,12208.5,15487,3030.29,5997.52,2635.42,19.15,19,58835.57,13031.97,8041.8,
HLAB7,E7,QPETTDLYCY,nb,,28506.75,19458,26393.7,26188.3,23556.23,21384.59,12790.86,35.5,32.5,18777.16,18442.51,18330.59,10
HLAB7,E6,CVYCKQQL,nb,,29636.79,16733,17574.2,24775.7,8491.59,11922.2,6062.77,31.5,30.5,19572.22,29040.9,9462.36,
HLAB7,E6,SKISEYRHY,nb,,32669.01,24243,42055.2,40920.9,40545.85,31398.89,50000,73,67,1432715.63,1293868.08,25507.09,0
HLAB7,E6,CKQQLLRREV,nb,,33313.66,23223,29492.2,29878.9,26690.85,24882.07,10757.62,24.3,21.3,2580.06,360.43,10096.09,7
HLAB7,E6,QYNKPLCDLL,nb,,35724.28,27858,33347.6,36164.5,33599.64,30560.95,30396.07,55,52,34884.3,31319.87,23055.65,11
HLAB7,E7,QPETTDLYCYE,nb,,36818.75,25550,38388.6,37789.4,34278.15,29584.89,6682.85,24.2,23.2,4737.62,1121.53,19943.73,
HLAB7,E7,DGPAGQAEPDR,nb,,37207.61,25009,44391.1,38802.5,47632.45,34610.27,50000,35.5,34.5,31229.14,13797.8,28303.24,
HLAB7,E7,EPDRAHYN,nb,,38615.65,25321,37677.1,40246.4,32286.05,"28640.00",4936.17,33.5,32.5,1785.01,4246.29,19453.09,
HLAB7,E7,TLEDLLMG,nb,,39378.05,30118,43833.6,45979.3,42803.8,35946.07,50000,31.2,30.2,10130.71,1083.95,26008.64,
HLAB15,E6,CLKFYSKISEY,0.5,0.28,3333.73,339,1148.9,978.1,113.33,195.32,1904.94,0.7,0.1,,,100.13,
HLAB15,E6V,SEYRHYCYSVY,2.87,0.84,4699.1,91,1130.4,1136.8,113.15,102.05,1209.27,0.8,0.1,,,508.09,
HLAB15,E6V,YRHYCYSVY,3.56,1.2,1306.79,1005,1236.5,1221,938.16,973.97,1407.05,5,5,876.9,859.01,899.99,
HLAB15,E6,SEYRHYCYSLY,3.73,2.09,11010.92,372,2054.2,1944.7,272.12,317.83,1709.59,1.9,1,,,1401.99,
HLAB15,E6,LKFYSKISEY,3.83,2.91,670.13,289,360.4,328.6,925.69,517.2,3416.85,3.85,3.15,353.7,104.77,464.4,
HLAB15,E6V,RHYCYSVY,3.91,1.26,3245.19,761,2200.2,3892.3,731.24,747.17,1672.99,0.8,0.1,,,2824.14,
HLAB15,E7,GQAEPDRAHY,4.07,1.5,18.62,14,26.9,38.7,32.31,21.25,1550.96,0.3,0.2,20.07,2.77,17.41,
HLAB15,E6,AVCDKCLKFY,4.1,2.35,1317.37,495,2645.1,3065.1,1446.74,850.76,9865.62,2.3,1.1,69.13,28.2,178.87,
HLAB15,E6,KISEYRHYCY,4.67,0.95,532.56,165,673.9,722.1,683.22,335.5,"
5382.48",3.5,2.8,164.3,89.18,188.01,
HLAB15,E7,LQPETTDLY,4.68,1.28,114.64,73,307.5,233.2,475.68,188.06,1097.07,0.8,0.8,131.81,114.02,86.1,
HLAB15,E6,RHYCYSLY,4.85,1.96,9120.32,2654,4021.1,6469.3,1358.97,1904.94,2314.53,1,0.1,,,6001.05,
HLAB15,E6,FAFRDLCIVY,5.07,2.18,72.32,145,54,30,69.6,100.41,1196.26,1.25,1.1,34.72,28.66,85.35,
HLAB15,E6,KQQLLRREVY,5.8,2.97,76.01,24,74.7,178.4,159.77,62.04,2122.61,0.4,0.25,4.83,3.98,30.49,
HLAB15,E6,YRHYCYSLY,6,1.26,4253.87,5652,2396,2226.8,2649.6,3869.58,2122.61,15,15,3380.26,3435.58,2232.1,
HLAB15,E6,AFRDLCIVY,6.13,2.15,460.29,278,1057.2,1030.7,744.26,454.22,2722.37,"
2.80",2.8,477.47,425.6,424.36,
HLAB15,E6,IVYRDGNPY,6.22,1.77,61.09,64,31.9,46.1,45.55,54.48,776.01,0.7,0.7,103.74,96.38,52.88,
HLAB15,E7,LQPETTDLYCY,7.3,2,1904.75,81,2382,2534.8,472.83,196.38,3000.81,0.6,0.1,,,106.97,
HLAB15,E6V,SVYGTTLEQQY,7.51,2.18,3381.72,133,319.1,639.8,139.57,136.67,2390.89,0.7,0.1,,,256.27,
HLAB15,E7,LLMGTLGIV,7.54,1.87,2322.78,1172,937.1,860.8,2089.46,1567.83,2904.96,8,8,1448.61,1555.97,534.54,
HLAB15,E6,CIVYRDGNPY,7.98,2.78,110.45,362,114.3,125.9,212.29,277.63,2169.05,2.05,1.85,76.32,53.98,40.53,
HLAB15,E6,QQLLRREVY,8.12,3.38,193.81,144,207.4,300,342.73,221.2,1209.27,1.1,1.1,206.51,165.58,230.92,
HLAB15,E6,SLYGTTLEQQY,8.18,4.4,1740.59,68,230.4,338,79.17,73.37,1619.56,0.5,0.1,,,117.24,
HLAB15,E6,LCIVYRDGNPY,10.49,0.99,982.82,1474,301.2,494.5,1370.47,1422.36,2365.16,0.2,0.1,,,339.87,
HLAB15,E6,EYRHYCYSLY,10.57,7.23,9585.32,1259,7668.7,7002.7,10189.82,3587.33,10874.65,18.5,16.1,1650.59,1517.92,5190.03,
HLAB15,E6,KLPQLCTEL,11.13,2.74,5949.82,8263,4085.5,3978.6,6874.26,7568.32,4830.5,15,15,5532.86,5260.17,3835.94,
HLAB15,E6,LLRREVYDFAF,11.22,6.36,1704.66,46,399.3,381.6,36.11,40.68,1362.11,0.5,0.1,,,67.71,
HLAB15,E6,KFYSKISEY,11.36,9.44,1026.14,900,986.2,1178.4,943.57,"922.68",4429.97,4.8,4.8,880.95,812.83,600.2,
HLAB15,E6,LRREVYDFAF,12.52,5.4,6139.74,3350,4932.3,5789.7,5318.11,4219.45,4429.97,3.65,1.7,85.63,48.78,1691.48,
HLAB15,E6,LLRREVYDF,12.88,2.32,281.84,170,94,87.9,158.77,164.27,1158.05,1.2,1.2,217.75,179.89,73.45,
HLAB15,E6,QQYNKPLCDL,14.38,8.21,1345.65,478,1621.3,1829.3,2584.29,1109,3807.28,5,3.75,315.97,139.08,600.47,
HLAB15,E7,RAHYNIVTF,15.72,15.79,82.18,87,62.2,64.7,67.17,76.61,423.37,0.5,0.5,165.56,183.65,59.67,
HLAB15,E6,YAVCDKCLKFY,19.64,11.44,11119.27,438,3383.8,2994.2,708.65,557.89,4335.14,2,1.1,,,1313.57,
HLAB15,E7,TLHEYMLDL,19.98,4.76,5412.44,7918,4781.2,3961.2,6940.62,7406.31,2722.37,14,14,4120.5,4634.47,3188.32,
HLAB15,E6,QQLLRREVYDF,20.84,1.26,6524.1,1211,3005.2,4777.8,1249.83,1229.06,2443.19,0.9,0.1,,,1395.57,
HLAB15,E6,VYRDGNPY,21.93,13.93,2753.92,1126,3244.9,3951.2,2807.56,1775.57,5932.98,0.6,0.1,,,813.09,
HLAB15,E7,AGQAEPDRAHY,23.28,4.09,1407.49,712,1362.3,1404.6,3431.04,1559.37,11986.87,0.3,0.1,,,523.38,
HLAB15,E6,LQTTIHDII,24.11,6.46,6475.15,11974,3183.3,3201.7,7508.05,9499,3343.7,16,16,4841.17,3837.07,3508.22,
HLAB15,E6,KQRFHNIRGRW,28.75,12.42,12284.4,1308,6519.9,10844.6,2364.86,1756.46,"
9346.08",3,2.2,,,3209.07,
HLAB15,E7,GQAEPDRAH,28.79,16.56,1526.88,1933,886.6,1672.1,1813.57,1864.16,3000.81,12,12,2910.38,2296.15,627.79,
HLAB15,E6,YSKISEYRHY,29.36,13.83,48.14,55,235.9,174.5,217.35,109.48,3685.69,4.65,4.55,130.21,182.49,49.73,
HLAB15,E6,FYSKISEYRHY,32.33,8.76,5410.21,3255,6033.2,5921.2,3229.91,3254.47,7131.08,0.8,0.1,,,6511.68,
HLAB15,E6,CKQQLLRREVY,33.39,18.26,2924.68,10652,2677.8,3765.8,3731.18,6296.76,11112.54,0.6,0.1,,,11115.08,
HLAB15,E6,QLLRREVY,36.81,17.1,4022.01,583,4959.3,7374.1,515.4,548.91,5932.98,0.8,0.1,,,334.1,
HLAB15,E6,HDIILECVY,37.48,12.61,1976.11,3786,4656.1,2732.9,2786.53,3254.47,1276.5,"
5.10",5.1,1294.05,1124.6,1364.61,
HLAB15,E6,TIHDIILECVY,37.75,17.06,2106.16,151,1127.3,1072.7,207.54,177.2,3307.72,0.6,0.1,,,595.61,
HLAB15,E7,LQPETTDLYC,38.45,10.85,2365.29,3924,6028,4565.6,17186.17,8208.09,22695.78,2.55,0.95,74.41,21.99,2585.7,
HLAB15,E6,IVYRDGNPYA,38.45,10.14,935.11,14388,544.8,871.8,8217.98,10874.65,29425.27,13.8,13.1,1526.3,986.85,5431.14,
HLAB15,E6,KQRHLDKKQRF,38.74,15.84,3954.91,92,1481.7,4349.9,367.93,184.04,1765.99,0.7,0.1,,,264.2,
HLAB15,E7,LLMGTLGI,42.43,21.41,14125.18,410,6789.1,6292.9,954.17,625.01,3932.89,3.6,2.8,,,465.43,
HLAB15,E6,SKISEYRHYCY,43.17,11.29,11406.61,6192,8778.5,9065,2956.98,4288.48,5681.68,2.2,1.3,,,6823.58,
HLAB15,E6,RGRWTGRCM,43.73,9.05,2544.8,5050,3340.2,4008,6046.85,5530.06,1925.66,8.2,8.2,1840.56,1614.36,1820.36,
HLAB15,E6,YAVCDKCLKF,46.75,21.63,1324.03,2551,721.3,341.8,950.03,1559.37,2169.05,14.3,13.1,1173.92,959.95,589.5,
HLAB15,E7,GQAEPDRAHYN,46.88,22.26,2847.98,15787,2697.8,2978,18727.5,17130.58,16946.23,0.6,0.1,,,8454.01,
HLAB15,E6,AVCDKCLKF,47.83,8.39,2322.91,3332,1425.9,1434.1,2356.86,2812.19,2192.64,5.8,5.8,1451.94,1039.92,762.74,
HLAB15,E6,SEYRHYCY,48.91,15.52,8495.33,497,7695,6850.1,664.45,576.3,2240.61,1,0.1,,,1628.08,
HLAB15,E6,IHDIILECVY,54.36,24.59,4432.94,4551,6135.8,4466.4,17359.32,"8853.90","26985.39",2,0.25,25.45,3.31,9239.89,
HLAB15,E6,NIRGRWTGRCM,56.25,15.87,25100.28,6712,17382.1,16677,5391.63,5997.52,6755.55,25,20,,,4269.16,
HLAB15,E6,IVYRDGNPYAV,58.67,16.94,13626.49,5894,5188.5,7816.3,4571.08,5182.46,14252.45,4.3,3.5,,,6852.55,
HLAB15,E6,SKISEYRHY,58.91,4.96,2651.99,2875,1678.9,1435.6,1778.09,2264.98,3000.81,2.7,2.5,1757.72,1256.03,3236.55,
HLAB15,E6,KISEYRHY,68.31,17.99,3430.92,116,3402.6,4275.6,247.96,170.61,5681.68,0.8,0.1,,,212.96,
HLAB15,E7,LLMGTLGIVC,69.06,45.7,1729.76,3877,6468.4,7102.1,2837.82,3325.66,7945.94,3.05,1.55,37.04,44.59,246.68,
HLAB15,E6,CQKPLCPEE,70.23,6.13,11536.18,15412,13486.3,16285.1,13831.33,14564.23,8297.38,16,16,3916.97,3999.45,7714.1,
HLAB15,E6,QLLRREVYDF,75.66,18.15,2564.26,2179,1582.7,1215.3,2770.94,2456.44,6128.72,4.4,2.8,147.45,86.95,330.56,
HLAB15,E6,FYSKISEY,77.1,23.81,7637.92,4276,2379.5,2369.7,2404.92,3219.45,3646.02,0.9,0.1,,,2414.76,
HLAB15,E7,LCVQSTHVDI,79.92,23.62,12925.25,15141,16210.9,13894,21041.01,17888.25,15208.39,14.75,13.35,1822.38,579.76,9607.03,
HLAB15,E7,DRAHYNIVTF,nb,,831.47,3130,1024,846.3,15827.16,7054.34,6829.04,7.3,6.6,705.73,252.49,5063,
HLAB15,E7,DLQPETTDLY,nb,,1131.31,618,2981.1,1985.9,4723.35,1709.59,"
8387.64",2.45,1.6,44.94,45.63,3901.18,
HLAB15,E7,RLCVQSTHV,nb,,1399.08,622,3976.7,3307.3,2498.28,1249.17,5324.55,2.3,1.5,1066.47,944.06,991.69,
HLAB15,E7,AGQAEPDRAH,nb,,1582.95,17824,2035.7,3483,30012.35,23192.26,50000,26.1,24.6,4588.18,4190.35,3359.67,
HLAB15,E7,RAHYNIVTFC,nb,,1857.17,20441,2398,2052.6,16484.86,18279.56,18082.85,22.65,21.1,4223.18,2852.66,8021.46,
HLAB15,E6,KQRFHNIRG,nb,,2106.6,3728,4658.7,5308,6174.92,4804.44,9550.53,10,10,2443.15,2187.76,3898.98,
HLAB15,E7,LMGTLGIVC,nb,,2283.83,4750,9196.3,10940.6,3830.38,4265.35,4676.23,8,8,849.08,1548.82,1163.3,
HLAB15,E6,QQLLRREVYD,nb,,2591.79,22405,4021.2,5027.3,34471.19,27875.69,50000,"
4.80",3.2,322.58,109.96,13999.17,
HLAB15,E6,LQTTIHDIIL,nb,,3064.92,1470,1433.4,1308.3,3942.25,2403.86,3932.89,2.8,1.15,42.92,30.57,1052.23,
HLAB15,E7,QAEPDRAHY,nb,,3473.69,4410,6088.1,5004.4,6219.17,5238.84,10191.11,14,14,3605.37,3318.94,2522.38,
HLAB15,E6,LEQQYNKPL,nb,,3724.69,4599,11395.1,10517.3,8319.05,6161.97,1925.66,13,13,2957.67,2779.71,2763.67,
HLAB15,E7,LGIVCPICSQ,nb,,4073.52,19216,20329.8,17864.7,23359.44,21269.21,40708.92,6.25,4.5,994.58,178.34,2725.19,
HLAB15,E6,REVYDFAF,nb,,4471.38,177,8117,7893.8,360.34,253.23,759.4,0.8,0.1,,,319.7,
HLAB15,E6,SEYRHYCYSL,nb,,4628.91,7856,5063.9,4282.6,3730.6,5411.67,2873.7,7.9,6.1,1126.26,230.81,3965.6,
HLAB15,E6,SLYGTTLEQ,nb,,4879.94,5667,8401.9,7925.2,9830.57,7486.88,10081.44,8.8,8.8,2605.85,1815.52,3679.83,
HLAB15,E7,LMGTLGIVCPI,nb,,5377.35,139,5684.1,3804.9,432.33,245.15,2904.96,0.8,0.1,,,300.37,
HLAB15,E6V,EYRHYCYSVY,nb,,5809.3,445,5150.4,4957.2,5566.79,1576.34,7692.16,8.05,6.1,246.4,236.18,2409.22,
HLAB15,E7,GTLGIVCPI,nb,,6258.59,10035,3917.1,3304,6198.88,7903.07,4382.3,19,19,4885.96,5284.45,4511.58,
HLAB15,E7,TLRLCVQSTH,nb,,6302.21,6671,3603.1,3357.2,2810.17,4335.14,13648.77,24.1,22.1,884.38,3113.51,1126.12,
HLAB15,E7,GIVCPICSQ,nb,,6329,10914,18112.8,15376.8,15977.56,"13212.86","19932.31",18,18,8490.83,5321.08,6001.22,
HLAB15,E6,LLIRCINCQ,nb,,7808.63,9423,17114.1,15785.5,13059.64,11112.54,13947.35,3.3,3,3451.04,2167.7,4894.48,
HLAB15,E6,LIRCINCQKPL,nb,,8293.61,1034,6136.4,4240.5,1126.21,1079.41,5044.15,1,0.1,,,1327.25,
HLAB15,E7,AEPDRAHY,nb,,8988.65,1571,17889.2,16044.1,7199.63,3361.84,7860.43,1,0.1,,,1796.89,
HLAB15,E7,HGDTPTLHEY,nb,,9071.31,2358,4079.6,3323.9,14782.6,5900.97,13501.89,7,4.65,507.74,189.34,4793.9,
HLAB15,E6V,YSVYGTTL,nb,,10415.17,351,7446,9534.7,386.05,367.82,1602.13,1.2,0.3,,,383.12,
HLAB15,E6,LYGTTLEQQY,nb,,10882.66,5292,8192.9,8952.4,8539.14,6719.1,11986.87,12.7,10.5,926.06,516.71,2785.84,
HLAB15,E6,FAFRDLCIV,nb,,11152.53,10769,4421.6,4061.7,8949.25,9812.39,4288.48,31,31,16863.59,14521.12,4739.98,
HLAB15,E6,SSRTRRETQL,nb,,11299,15989,17520.9,16277.9,10057.74,12721.85,6682.85,31.5,29.55,9029.01,6183.72,2627.16,
HLAB15,E6,QLCTELQTTI,nb,,11461.66,15403,9068.5,9800,5610.95,9295.66,10414.04,17.15,15.05,728.85,993.69,2413.62,
HLAB15,E7,VQSTHVDIRTL,nb,,11578.08,627,4917.9,7355.2,1585.72,995.27,2240.61,2.4,1.5,,,871.44,
HLAB15,E7,RLCVQSTHVD,nb,,12566.44,16735,18570.4,19159.9,18972.44,17791.74,"
25017.04",7.95,6.9,148.47,134.04,5693.3,
HLAB15,E7,DLLMGTLGIV,nb,,14330.69,7013,9292.1,7669.1,27379.59,13797.25,37739.56,18,10.4,238.58,223.49,13805.74,
HLAB15,E6,CMSCCRSSR,nb,,15117.01,16483,16099.6,17864.8,16801.08,16583.46,7287.08,25,18,10963.52,10162.49,6856.54,
HLAB15,E6,LIRCINCQK,nb,,15499.94,16852,18954.9,20383.5,17580.1,17130.58,18279.56,29,29,29850.39,29241.52,6841.42,
HLAB15,E7,YMLDLQPETT,nb,,16162.74,5248,13970.9,15538.9,7457.11,6262.79,17695.75,23.5,13,214.11,231.87,2715.16,
HLAB15,E6,QQYNKPLCDLL,nb,,16932.66,3872,6079.5,8661.9,2481.05,3099.81,3725.78,7.7,7.1,,,3027.77,
HLAB15,E6,ELQTTIHDII,nb,,17095.95,13342,15214.2,14309.2,21355.57,16854.8,21040.32,39.5,30,426.23,2781.31,7743.67,
HLAB15,E7,QLNDSSEEE,nb,,17375.87,13421,31283.9,32349.3,28655.5,19611.42,11857.88,31,23,7160.61,7888.6,13513.99,
HLAB15,E7,RLCVQSTH,nb,,17594.75,3111,13984.7,15171.7,3972.02,3510.53,10301.97,6.4,5.9,,,1230.16,
HLAB15,E6,LECVYCKQQL,nb,,18024.83,16905,16756.1,16640.1,17026.45,16946.23,6330.92,35,25,2955.56,1419.87,3833.24,
HLAB15,E7,TLGIVCPI,nb,,18481.22,7105,18270.7,20397.2,9722.96,8342.39,10641.85,7.1,6.6,,,3542.62,
HLAB15,E6,DIILECVY,nb,,18539.49,5131,15901.7,16567.5,2803.55,3807.28,4526.88,7.2,6.7,,,6206.8,
HLAB15,E6,MSCCRSSRT,nb,,20596.6,13773,24486,21090,19495.27,16404.99,9447.76,28,22,12301.27,11967.41,9843.74,
HLAB15,E6,CLKFYSKISE,nb,,20675.64,14658,20294.4,23745,18324.8,16404.99,33504.88,24.1,14.1,113.15,66.41,10128.18,
HLAB15,E7,STLRLCVQST,nb,,21260.7,22774,13381.3,14104.9,21151.33,21852.38,50000,36.5,26.5,7024.9,1089.56,10169.32,
HLAB15,E7,TLEDLLMGTL,nb,,21716.85,9843,14779.2,13332.8,16478.37,12721.85,14407.49,44.5,34.5,606.23,2952.91,4317.91,
HLAB15,E6,CQKPLCPEEK,nb,,21797.84,11881,18225.7,22047.4,15450.85,13501.89,25842.4,37,27,700.87,1084.55,6582.87,
HLAB15,E6,RTRRETQL,nb,,24587.69,7125,19528.8,20971,4177.44,5470.55,6469.41,19,31,,,3000.26,
HLAB15,E7,RTLEDLLM,nb,,26818.6,5700,15109.2,15406.1,2891.62,4062.65,5620.54,23,31,,,1999.35,
HLAB15,E6,QYNKPLCDLL,nb,,28146.63,25392,24378.1,24645.7,27132.56,26265.23,34610.27,77.5,69,60344.82,197810.8,17063.58,
HLAB15,E6,IILECVYCKQ,nb,,28328.72,21095,31088.2,31826.8,30028.6,25152.75,50000,45,36.5,7738.2,1349.74,10988.02,
HLAB15,E6,RSSRTRRETQL,nb,,28366.14,6721,24115.5,25512.6,10520.78,8433.14,7527.49,32,27,,,5673.98,
HLAB15,E6,DFAFRDLCIV,nb,,28432.21,22902,20253,19142.2,34490.65,28178.94,50000,40,31.5,5710.05,569.18,18609.32,
HLAB15,E7,IVCPICSQKP,nb,,29503.7,25580,31502.7,36517.2,31416.9,28331.79,50000,40,31.5,8583.02,407.61,10300.67,
HLAB15,E6,KQRHLDKK,nb,,29631.98,18220,28410.4,29028.1,17986.53,18180.94,29425.27,29,31,,,9377.07,
HLAB15,E7,TLGIVCPICS,nb,,30589.73,20044,28226.9,29407.1,33262.57,25842.4,50000,46,38.5,2720.45,966.61,14463.45,
HLAB15,E6,CVYCKQQL,nb,,30864.02,14668,21053.8,26148.1,9278.48,11666.98,6829.04,33,31,,,3813.19,
HLAB15,E6,MSCCRSSR,nb,,33102.03,14502,31263,27739.7,20793.23,17410.87,16404.99,39,37,,,9088.57,
HLAB15,E6,PQLCTELQTT,nb,,34904.73,12222,34093.3,33437.5,34642.68,20589.91,50000,43.15,54.15,640.68,164.53,12045.88,
HLAB15,E7,MLDLQPETTD,nb,,37580.63,25456,34771.3,36368.2,36930.26,30726.73,50000,61.5,68,921.81,1897.8,21094.65,
